STARTFONT 2.1
COMMENT /*
COMMENT  * A 32x64 fixed-width font based on the Commodore 64 character set
COMMENT  * Generated by Quadventure by Softintheheadware
COMMENT  */
FONT -Softintheheadware-Quadventure-Medium-R-Normal--64-640-72-72-M-320-ISO8859-1
SIZE 64 72 72
FONTBOUNDINGBOX 32 64 0 0
STARTPROPERTIES 2
FONT_ASCENT 64
FONT_DESCENT 0
ENDPROPERTIES
CHARS 256
STARTCHAR U+0020
ENCODING 32
SWIDTH 3200 0
DWIDTH 32 0
BBX 32 64 0 0
BITMAP
0000000000000000
0000000000000000
0000000000000000
0000000000000000
0000000000000000
0000000000000000
0000000000000000
0000000000000000
0000000000000000
0000000000000000
0000000000000000
0000000000000000
0000000000000000
0000000000000000
0000000000000000
0000000000000000
0000000000000000
0000000000000000
0000000000000000
0000000000000000
0000000000000000
0000000000000000
0000000000000000
0000000000000000
0000000000000000
0000000000000000
0000000000000000
0000000000000000
0000000000000000
0000000000000000
0000000000000000
0000000000000000
0000000000000000
0000000000000000
0000000000000000
0000000000000000
0000000000000000
0000000000000000
0000000000000000
0000000000000000
0000000000000000
0000000000000000
0000000000000000
0000000000000000
0000000000000000
0000000000000000
0000000000000000
0000000000000000
0000000000000000
0000000000000000
0000000000000000
0000000000000000
0000000000000000
0000000000000000
0000000000000000
0000000000000000
0000000000000000
0000000000000000
0000000000000000
0000000000000000
0000000000000000
0000000000000000
0000000000000000
0000000000000000
ENDCHAR
STARTCHAR U+263A
ENCODING 9786
SWIDTH 3200 0
DWIDTH 32 0
BBX 32 64 0 0
BITMAP
0000000000000000
0000000000000000
0000000000000000
0000000000000000
0000000000000000
0000000000000000
0000000000000000
0000000000000000
0000000000000000
0000000000000000
0000000000000000
0000000000000000
0000000000000000
0000000000000000
0000000000000000
0000000000000000
0000000000000000
0000000000000000
0000000000000000
0000000000000000
0000000000000000
0000000000000000
0000000000000000
0000000000000000
0000000000000000
0000000000000000
0000000000000000
0000000000000000
0000000000000000
0000000000000000
0000000000000000
0000000000000000
0000000000000000
0000000000000000
0000000000000000
0000000000000000
0000000000000000
0000000000000000
0000000000000000
0000000000000000
0000000000000000
0000000000000000
0000000000000000
0000000000000000
0000000000000000
0000000000000000
0000000000000000
0000000000000000
0000000000000000
0000000000000000
0000000000000000
0000000000000000
0000000000000000
0000000000000000
0000000000000000
0000000000000000
0000000000000000
0000000000000000
0000000000000000
0000000000000000
0000000000000000
0000000000000000
0000000000000000
0000000000000000
ENDCHAR
STARTCHAR U+263B
ENCODING 9787
SWIDTH 3200 0
DWIDTH 32 0
BBX 32 64 0 0
BITMAP
0000000000000000
0000000000000000
0000000000000000
0000000000000000
0000000000000000
0000000000000000
0000000000000000
0000000000000000
0000000000000000
0000000000000000
0000000000000000
0000000000000000
0000000000000000
0000000000000000
0000000000000000
0000000000000000
0000000000000000
0000000000000000
0000000000000000
0000000000000000
0000000000000000
0000000000000000
0000000000000000
0000000000000000
0000000000000000
0000000000000000
0000000000000000
0000000000000000
0000000000000000
0000000000000000
0000000000000000
0000000000000000
0000000000000000
0000000000000000
0000000000000000
0000000000000000
0000000000000000
0000000000000000
0000000000000000
0000000000000000
0000000000000000
0000000000000000
0000000000000000
0000000000000000
0000000000000000
0000000000000000
0000000000000000
0000000000000000
0000000000000000
0000000000000000
0000000000000000
0000000000000000
0000000000000000
0000000000000000
0000000000000000
0000000000000000
0000000000000000
0000000000000000
0000000000000000
0000000000000000
0000000000000000
0000000000000000
0000000000000000
0000000000000000
ENDCHAR
STARTCHAR U+2665
ENCODING 9829
SWIDTH 3200 0
DWIDTH 32 0
BBX 32 64 0 0
BITMAP
0000000000000000
0000000000000000
0000000000000000
0000000000000000
0000000000000000
0000000000000000
0000000000000000
0000000000000000
0000000000000000
0000000000000000
0000000000000000
0000000000000000
0000000000000000
0000000000000000
0000000000000000
0000000000000000
0000000000000000
0000000000000000
0000000000000000
0000000000000000
0000000000000000
0000000000000000
0000000000000000
0000000000000000
0000000000000000
0000000000000000
0000000000000000
0000000000000000
0000000000000000
0000000000000000
0000000000000000
0000000000000000
0000000000000000
0000000000000000
0000000000000000
0000000000000000
0000000000000000
0000000000000000
0000000000000000
0000000000000000
0000000000000000
0000000000000000
0000000000000000
0000000000000000
0000000000000000
0000000000000000
0000000000000000
0000000000000000
0000000000000000
0000000000000000
0000000000000000
0000000000000000
0000000000000000
0000000000000000
0000000000000000
0000000000000000
0000000000000000
0000000000000000
0000000000000000
0000000000000000
0000000000000000
0000000000000000
0000000000000000
0000000000000000
ENDCHAR
STARTCHAR U+2666
ENCODING 9830
SWIDTH 3200 0
DWIDTH 32 0
BBX 32 64 0 0
BITMAP
0000000000000000
0000000000000000
0000000000000000
0000000000000000
0000000000000000
0000000000000000
0000000000000000
0000000000000000
0000000000000000
0000000000000000
0000000000000000
0000000000000000
0000000000000000
0000000000000000
0000000000000000
0000000000000000
0000000000000000
0000000000000000
0000000000000000
0000000000000000
0000000000000000
0000000000000000
0000000000000000
0000000000000000
0000000000000000
0000000000000000
0000000000000000
0000000000000000
0000000000000000
0000000000000000
0000000000000000
0000000000000000
0000000000000000
0000000000000000
0000000000000000
0000000000000000
0000000000000000
0000000000000000
0000000000000000
0000000000000000
0000000000000000
0000000000000000
0000000000000000
0000000000000000
0000000000000000
0000000000000000
0000000000000000
0000000000000000
0000000000000000
0000000000000000
0000000000000000
0000000000000000
0000000000000000
0000000000000000
0000000000000000
0000000000000000
0000000000000000
0000000000000000
0000000000000000
0000000000000000
0000000000000000
0000000000000000
0000000000000000
0000000000000000
ENDCHAR
STARTCHAR U+2663
ENCODING 9827
SWIDTH 3200 0
DWIDTH 32 0
BBX 32 64 0 0
BITMAP
0000000000000000
0000000000000000
0000000000000000
0000000000000000
0000000000000000
0000000000000000
0000000000000000
0000000000000000
0000000000000000
0000000000000000
0000000000000000
0000000000000000
0000000000000000
0000000000000000
0000000000000000
0000000000000000
0000000000000000
0000000000000000
0000000000000000
0000000000000000
0000000000000000
0000000000000000
0000000000000000
0000000000000000
0000000000000000
0000000000000000
0000000000000000
0000000000000000
0000000000000000
0000000000000000
0000000000000000
0000000000000000
0000000000000000
0000000000000000
0000000000000000
0000000000000000
0000000000000000
0000000000000000
0000000000000000
0000000000000000
0000000000000000
0000000000000000
0000000000000000
0000000000000000
0000000000000000
0000000000000000
0000000000000000
0000000000000000
0000000000000000
0000000000000000
0000000000000000
0000000000000000
0000000000000000
0000000000000000
0000000000000000
0000000000000000
0000000000000000
0000000000000000
0000000000000000
0000000000000000
0000000000000000
0000000000000000
0000000000000000
0000000000000000
ENDCHAR
STARTCHAR U+2660
ENCODING 9824
SWIDTH 3200 0
DWIDTH 32 0
BBX 32 64 0 0
BITMAP
0000000000000000
0000000000000000
0000000000000000
0000000000000000
0000000000000000
0000000000000000
0000000000000000
0000000000000000
0000000000000000
0000000000000000
0000000000000000
0000000000000000
0000000000000000
0000000000000000
0000000000000000
0000000000000000
0000000000000000
0000000000000000
0000000000000000
0000000000000000
0000000000000000
0000000000000000
0000000000000000
0000000000000000
0000000000000000
0000000000000000
0000000000000000
0000000000000000
0000000000000000
0000000000000000
0000000000000000
0000000000000000
0000000000000000
0000000000000000
0000000000000000
0000000000000000
0000000000000000
0000000000000000
0000000000000000
0000000000000000
0000000000000000
0000000000000000
0000000000000000
0000000000000000
0000000000000000
0000000000000000
0000000000000000
0000000000000000
0000000000000000
0000000000000000
0000000000000000
0000000000000000
0000000000000000
0000000000000000
0000000000000000
0000000000000000
0000000000000000
0000000000000000
0000000000000000
0000000000000000
0000000000000000
0000000000000000
0000000000000000
0000000000000000
ENDCHAR
STARTCHAR U+2022
ENCODING 8226
SWIDTH 3200 0
DWIDTH 32 0
BBX 32 64 0 0
BITMAP
0000000000000000
0000000000000000
0000000000000000
0000000000000000
0000000000000000
0000000000000000
0000000000000000
0000000000000000
0000000000000000
0000000000000000
0000000000000000
0000000000000000
0000000000000000
0000000000000000
0000000000000000
0000000000000000
0000000000000000
0000000000000000
0000000000000000
0000000000000000
0000000000000000
0000000000000000
0000000000000000
0000000000000000
0000000000000000
0000000000000000
0000000000000000
0000000000000000
0000000000000000
0000000000000000
0000000000000000
0000000000000000
0000000000000000
0000000000000000
0000000000000000
0000000000000000
0000000000000000
0000000000000000
0000000000000000
0000000000000000
0000000000000000
0000000000000000
0000000000000000
0000000000000000
0000000000000000
0000000000000000
0000000000000000
0000000000000000
0000000000000000
0000000000000000
0000000000000000
0000000000000000
0000000000000000
0000000000000000
0000000000000000
0000000000000000
0000000000000000
0000000000000000
0000000000000000
0000000000000000
0000000000000000
0000000000000000
0000000000000000
0000000000000000
ENDCHAR
STARTCHAR U+25D8
ENCODING 9688
SWIDTH 3200 0
DWIDTH 32 0
BBX 32 64 0 0
BITMAP
0000000000000000
0000000000000000
0000000000000000
0000000000000000
0000000000000000
0000000000000000
0000000000000000
0000000000000000
0000000000000000
0000000000000000
0000000000000000
0000000000000000
0000000000000000
0000000000000000
0000000000000000
0000000000000000
0000000000000000
0000000000000000
0000000000000000
0000000000000000
0000000000000000
0000000000000000
0000000000000000
0000000000000000
0000000000000000
0000000000000000
0000000000000000
0000000000000000
0000000000000000
0000000000000000
0000000000000000
0000000000000000
0000000000000000
0000000000000000
0000000000000000
0000000000000000
0000000000000000
0000000000000000
0000000000000000
0000000000000000
0000000000000000
0000000000000000
0000000000000000
0000000000000000
0000000000000000
0000000000000000
0000000000000000
0000000000000000
0000000000000000
0000000000000000
0000000000000000
0000000000000000
0000000000000000
0000000000000000
0000000000000000
0000000000000000
0000000000000000
0000000000000000
0000000000000000
0000000000000000
0000000000000000
0000000000000000
0000000000000000
0000000000000000
ENDCHAR
STARTCHAR U+25CB
ENCODING 9675
SWIDTH 3200 0
DWIDTH 32 0
BBX 32 64 0 0
BITMAP
0000000000000000
0000000000000000
0000000000000000
0000000000000000
0000000000000000
0000000000000000
0000000000000000
0000000000000000
0000000000000000
0000000000000000
0000000000000000
0000000000000000
0000000000000000
0000000000000000
0000000000000000
0000000000000000
0000000000000000
0000000000000000
0000000000000000
0000000000000000
0000000000000000
0000000000000000
0000000000000000
0000000000000000
0000000000000000
0000000000000000
0000000000000000
0000000000000000
0000000000000000
0000000000000000
0000000000000000
0000000000000000
0000000000000000
0000000000000000
0000000000000000
0000000000000000
0000000000000000
0000000000000000
0000000000000000
0000000000000000
0000000000000000
0000000000000000
0000000000000000
0000000000000000
0000000000000000
0000000000000000
0000000000000000
0000000000000000
0000000000000000
0000000000000000
0000000000000000
0000000000000000
0000000000000000
0000000000000000
0000000000000000
0000000000000000
0000000000000000
0000000000000000
0000000000000000
0000000000000000
0000000000000000
0000000000000000
0000000000000000
0000000000000000
ENDCHAR
STARTCHAR U+25D9
ENCODING 9689
SWIDTH 3200 0
DWIDTH 32 0
BBX 32 64 0 0
BITMAP
0000000000000000
0000000000000000
0000000000000000
0000000000000000
0000000000000000
0000000000000000
0000000000000000
0000000000000000
0000000000000000
0000000000000000
0000000000000000
0000000000000000
0000000000000000
0000000000000000
0000000000000000
0000000000000000
0000000000000000
0000000000000000
0000000000000000
0000000000000000
0000000000000000
0000000000000000
0000000000000000
0000000000000000
0000000000000000
0000000000000000
0000000000000000
0000000000000000
0000000000000000
0000000000000000
0000000000000000
0000000000000000
0000000000000000
0000000000000000
0000000000000000
0000000000000000
0000000000000000
0000000000000000
0000000000000000
0000000000000000
0000000000000000
0000000000000000
0000000000000000
0000000000000000
0000000000000000
0000000000000000
0000000000000000
0000000000000000
0000000000000000
0000000000000000
0000000000000000
0000000000000000
0000000000000000
0000000000000000
0000000000000000
0000000000000000
0000000000000000
0000000000000000
0000000000000000
0000000000000000
0000000000000000
0000000000000000
0000000000000000
0000000000000000
ENDCHAR
STARTCHAR U+2642
ENCODING 9794
SWIDTH 3200 0
DWIDTH 32 0
BBX 32 64 0 0
BITMAP
0000000000000000
0000000000000000
0000000000000000
0000000000000000
0000000000000000
0000000000000000
0000000000000000
0000000000000000
0000000000000000
0000000000000000
0000000000000000
0000000000000000
0000000000000000
0000000000000000
0000000000000000
0000000000000000
0000000000000000
0000000000000000
0000000000000000
0000000000000000
0000000000000000
0000000000000000
0000000000000000
0000000000000000
0000000000000000
0000000000000000
0000000000000000
0000000000000000
0000000000000000
0000000000000000
0000000000000000
0000000000000000
0000000000000000
0000000000000000
0000000000000000
0000000000000000
0000000000000000
0000000000000000
0000000000000000
0000000000000000
0000000000000000
0000000000000000
0000000000000000
0000000000000000
0000000000000000
0000000000000000
0000000000000000
0000000000000000
0000000000000000
0000000000000000
0000000000000000
0000000000000000
0000000000000000
0000000000000000
0000000000000000
0000000000000000
0000000000000000
0000000000000000
0000000000000000
0000000000000000
0000000000000000
0000000000000000
0000000000000000
0000000000000000
ENDCHAR
STARTCHAR U+2640
ENCODING 9792
SWIDTH 3200 0
DWIDTH 32 0
BBX 32 64 0 0
BITMAP
0000000000000000
0000000000000000
0000000000000000
0000000000000000
0000000000000000
0000000000000000
0000000000000000
0000000000000000
0000000000000000
0000000000000000
0000000000000000
0000000000000000
0000000000000000
0000000000000000
0000000000000000
0000000000000000
0000000000000000
0000000000000000
0000000000000000
0000000000000000
0000000000000000
0000000000000000
0000000000000000
0000000000000000
0000000000000000
0000000000000000
0000000000000000
0000000000000000
0000000000000000
0000000000000000
0000000000000000
0000000000000000
0000000000000000
0000000000000000
0000000000000000
0000000000000000
0000000000000000
0000000000000000
0000000000000000
0000000000000000
0000000000000000
0000000000000000
0000000000000000
0000000000000000
0000000000000000
0000000000000000
0000000000000000
0000000000000000
0000000000000000
0000000000000000
0000000000000000
0000000000000000
0000000000000000
0000000000000000
0000000000000000
0000000000000000
0000000000000000
0000000000000000
0000000000000000
0000000000000000
0000000000000000
0000000000000000
0000000000000000
0000000000000000
ENDCHAR
STARTCHAR U+266A
ENCODING 9834
SWIDTH 3200 0
DWIDTH 32 0
BBX 32 64 0 0
BITMAP
0000000000000000
0000000000000000
0000000000000000
0000000000000000
0000000000000000
0000000000000000
0000000000000000
0000000000000000
0000000000000000
0000000000000000
0000000000000000
0000000000000000
0000000000000000
0000000000000000
0000000000000000
0000000000000000
0000000000000000
0000000000000000
0000000000000000
0000000000000000
0000000000000000
0000000000000000
0000000000000000
0000000000000000
0000000000000000
0000000000000000
0000000000000000
0000000000000000
0000000000000000
0000000000000000
0000000000000000
0000000000000000
0000000000000000
0000000000000000
0000000000000000
0000000000000000
0000000000000000
0000000000000000
0000000000000000
0000000000000000
0000000000000000
0000000000000000
0000000000000000
0000000000000000
0000000000000000
0000000000000000
0000000000000000
0000000000000000
0000000000000000
0000000000000000
0000000000000000
0000000000000000
0000000000000000
0000000000000000
0000000000000000
0000000000000000
0000000000000000
0000000000000000
0000000000000000
0000000000000000
0000000000000000
0000000000000000
0000000000000000
0000000000000000
ENDCHAR
STARTCHAR U+266B
ENCODING 9835
SWIDTH 3200 0
DWIDTH 32 0
BBX 32 64 0 0
BITMAP
0000000000000000
0000000000000000
0000000000000000
0000000000000000
0000000000000000
0000000000000000
0000000000000000
0000000000000000
0000000000000000
0000000000000000
0000000000000000
0000000000000000
0000000000000000
0000000000000000
0000000000000000
0000000000000000
0000000000000000
0000000000000000
0000000000000000
0000000000000000
0000000000000000
0000000000000000
0000000000000000
0000000000000000
0000000000000000
0000000000000000
0000000000000000
0000000000000000
0000000000000000
0000000000000000
0000000000000000
0000000000000000
0000000000000000
0000000000000000
0000000000000000
0000000000000000
0000000000000000
0000000000000000
0000000000000000
0000000000000000
0000000000000000
0000000000000000
0000000000000000
0000000000000000
0000000000000000
0000000000000000
0000000000000000
0000000000000000
0000000000000000
0000000000000000
0000000000000000
0000000000000000
0000000000000000
0000000000000000
0000000000000000
0000000000000000
0000000000000000
0000000000000000
0000000000000000
0000000000000000
0000000000000000
0000000000000000
0000000000000000
0000000000000000
ENDCHAR
STARTCHAR U+263C
ENCODING 9788
SWIDTH 3200 0
DWIDTH 32 0
BBX 32 64 0 0
BITMAP
0000000000000000
0000000000000000
0000000000000000
0000000000000000
0000000000000000
0000000000000000
0000000000000000
0000000000000000
0000000000000000
0000000000000000
0000000000000000
0000000000000000
0000000000000000
0000000000000000
0000000000000000
0000000000000000
0000000000000000
0000000000000000
0000000000000000
0000000000000000
0000000000000000
0000000000000000
0000000000000000
0000000000000000
0000000000000000
0000000000000000
0000000000000000
0000000000000000
0000000000000000
0000000000000000
0000000000000000
0000000000000000
0000000000000000
0000000000000000
0000000000000000
0000000000000000
0000000000000000
0000000000000000
0000000000000000
0000000000000000
0000000000000000
0000000000000000
0000000000000000
0000000000000000
0000000000000000
0000000000000000
0000000000000000
0000000000000000
0000000000000000
0000000000000000
0000000000000000
0000000000000000
0000000000000000
0000000000000000
0000000000000000
0000000000000000
0000000000000000
0000000000000000
0000000000000000
0000000000000000
0000000000000000
0000000000000000
0000000000000000
0000000000000000
ENDCHAR
STARTCHAR U+25BA
ENCODING 9658
SWIDTH 3200 0
DWIDTH 32 0
BBX 32 64 0 0
BITMAP
0000000000000000
0000000000000000
0000000000000000
0000000000000000
0000000000000000
0000000000000000
0000000000000000
0000000000000000
0000000000000000
0000000000000000
0000000000000000
0000000000000000
0000000000000000
0000000000000000
0000000000000000
0000000000000000
0000000000000000
0000000000000000
0000000000000000
0000000000000000
0000000000000000
0000000000000000
0000000000000000
0000000000000000
0000000000000000
0000000000000000
0000000000000000
0000000000000000
0000000000000000
0000000000000000
0000000000000000
0000000000000000
0000000000000000
0000000000000000
0000000000000000
0000000000000000
0000000000000000
0000000000000000
0000000000000000
0000000000000000
0000000000000000
0000000000000000
0000000000000000
0000000000000000
0000000000000000
0000000000000000
0000000000000000
0000000000000000
0000000000000000
0000000000000000
0000000000000000
0000000000000000
0000000000000000
0000000000000000
0000000000000000
0000000000000000
0000000000000000
0000000000000000
0000000000000000
0000000000000000
0000000000000000
0000000000000000
0000000000000000
0000000000000000
ENDCHAR
STARTCHAR U+25C4
ENCODING 9668
SWIDTH 3200 0
DWIDTH 32 0
BBX 32 64 0 0
BITMAP
0000000000000000
0000000000000000
0000000000000000
0000000000000000
0000000000000000
0000000000000000
0000000000000000
0000000000000000
0000000000000000
0000000000000000
0000000000000000
0000000000000000
0000000000000000
0000000000000000
0000000000000000
0000000000000000
0000000000000000
0000000000000000
0000000000000000
0000000000000000
0000000000000000
0000000000000000
0000000000000000
0000000000000000
0000000000000000
0000000000000000
0000000000000000
0000000000000000
0000000000000000
0000000000000000
0000000000000000
0000000000000000
0000000000000000
0000000000000000
0000000000000000
0000000000000000
0000000000000000
0000000000000000
0000000000000000
0000000000000000
0000000000000000
0000000000000000
0000000000000000
0000000000000000
0000000000000000
0000000000000000
0000000000000000
0000000000000000
0000000000000000
0000000000000000
0000000000000000
0000000000000000
0000000000000000
0000000000000000
0000000000000000
0000000000000000
0000000000000000
0000000000000000
0000000000000000
0000000000000000
0000000000000000
0000000000000000
0000000000000000
0000000000000000
ENDCHAR
STARTCHAR U+2195
ENCODING 8597
SWIDTH 3200 0
DWIDTH 32 0
BBX 32 64 0 0
BITMAP
0000000000000000
0000000000000000
0000000000000000
0000000000000000
0000000000000000
0000000000000000
0000000000000000
0000000000000000
0000000000000000
0000000000000000
0000000000000000
0000000000000000
0000000000000000
0000000000000000
0000000000000000
0000000000000000
0000000000000000
0000000000000000
0000000000000000
0000000000000000
0000000000000000
0000000000000000
0000000000000000
0000000000000000
0000000000000000
0000000000000000
0000000000000000
0000000000000000
0000000000000000
0000000000000000
0000000000000000
0000000000000000
0000000000000000
0000000000000000
0000000000000000
0000000000000000
0000000000000000
0000000000000000
0000000000000000
0000000000000000
0000000000000000
0000000000000000
0000000000000000
0000000000000000
0000000000000000
0000000000000000
0000000000000000
0000000000000000
0000000000000000
0000000000000000
0000000000000000
0000000000000000
0000000000000000
0000000000000000
0000000000000000
0000000000000000
0000000000000000
0000000000000000
0000000000000000
0000000000000000
0000000000000000
0000000000000000
0000000000000000
0000000000000000
ENDCHAR
STARTCHAR U+203C
ENCODING 8252
SWIDTH 3200 0
DWIDTH 32 0
BBX 32 64 0 0
BITMAP
0000000000000000
0000000000000000
0000000000000000
0000000000000000
0000000000000000
0000000000000000
0000000000000000
0000000000000000
0000000000000000
0000000000000000
0000000000000000
0000000000000000
0000000000000000
0000000000000000
0000000000000000
0000000000000000
0000000000000000
0000000000000000
0000000000000000
0000000000000000
0000000000000000
0000000000000000
0000000000000000
0000000000000000
0000000000000000
0000000000000000
0000000000000000
0000000000000000
0000000000000000
0000000000000000
0000000000000000
0000000000000000
0000000000000000
0000000000000000
0000000000000000
0000000000000000
0000000000000000
0000000000000000
0000000000000000
0000000000000000
0000000000000000
0000000000000000
0000000000000000
0000000000000000
0000000000000000
0000000000000000
0000000000000000
0000000000000000
0000000000000000
0000000000000000
0000000000000000
0000000000000000
0000000000000000
0000000000000000
0000000000000000
0000000000000000
0000000000000000
0000000000000000
0000000000000000
0000000000000000
0000000000000000
0000000000000000
0000000000000000
0000000000000000
ENDCHAR
STARTCHAR U+00B6
ENCODING 182
SWIDTH 3200 0
DWIDTH 32 0
BBX 32 64 0 0
BITMAP
0000000000000000
0000000000000000
0000000000000000
0000000000000000
0000000000000000
0000000000000000
0000000000000000
0000000000000000
0000000000000000
0000000000000000
0000000000000000
0000000000000000
0000000000000000
0000000000000000
0000000000000000
0000000000000000
0000000000000000
0000000000000000
0000000000000000
0000000000000000
0000000000000000
0000000000000000
0000000000000000
0000000000000000
0000000000000000
0000000000000000
0000000000000000
0000000000000000
0000000000000000
0000000000000000
0000000000000000
0000000000000000
0000000000000000
0000000000000000
0000000000000000
0000000000000000
0000000000000000
0000000000000000
0000000000000000
0000000000000000
0000000000000000
0000000000000000
0000000000000000
0000000000000000
0000000000000000
0000000000000000
0000000000000000
0000000000000000
0000000000000000
0000000000000000
0000000000000000
0000000000000000
0000000000000000
0000000000000000
0000000000000000
0000000000000000
0000000000000000
0000000000000000
0000000000000000
0000000000000000
0000000000000000
0000000000000000
0000000000000000
0000000000000000
ENDCHAR
STARTCHAR U+00A7
ENCODING 167
SWIDTH 3200 0
DWIDTH 32 0
BBX 32 64 0 0
BITMAP
0000000000000000
0000000000000000
0000000000000000
0000000000000000
0000000000000000
0000000000000000
0000000000000000
0000000000000000
0000000000000000
0000000000000000
0000000000000000
0000000000000000
0000000000000000
0000000000000000
0000000000000000
0000000000000000
0000000000000000
0000000000000000
0000000000000000
0000000000000000
0000000000000000
0000000000000000
0000000000000000
0000000000000000
0000000000000000
0000000000000000
0000000000000000
0000000000000000
0000000000000000
0000000000000000
0000000000000000
0000000000000000
0000000000000000
0000000000000000
0000000000000000
0000000000000000
0000000000000000
0000000000000000
0000000000000000
0000000000000000
0000000000000000
0000000000000000
0000000000000000
0000000000000000
0000000000000000
0000000000000000
0000000000000000
0000000000000000
0000000000000000
0000000000000000
0000000000000000
0000000000000000
0000000000000000
0000000000000000
0000000000000000
0000000000000000
0000000000000000
0000000000000000
0000000000000000
0000000000000000
0000000000000000
0000000000000000
0000000000000000
0000000000000000
ENDCHAR
STARTCHAR U+25AC
ENCODING 9644
SWIDTH 3200 0
DWIDTH 32 0
BBX 32 64 0 0
BITMAP
0000000000000000
0000000000000000
0000000000000000
0000000000000000
0000000000000000
0000000000000000
0000000000000000
0000000000000000
0000000000000000
0000000000000000
0000000000000000
0000000000000000
0000000000000000
0000000000000000
0000000000000000
0000000000000000
0000000000000000
0000000000000000
0000000000000000
0000000000000000
0000000000000000
0000000000000000
0000000000000000
0000000000000000
0000000000000000
0000000000000000
0000000000000000
0000000000000000
0000000000000000
0000000000000000
0000000000000000
0000000000000000
0000000000000000
0000000000000000
0000000000000000
0000000000000000
0000000000000000
0000000000000000
0000000000000000
0000000000000000
0000000000000000
0000000000000000
0000000000000000
0000000000000000
0000000000000000
0000000000000000
0000000000000000
0000000000000000
0000000000000000
0000000000000000
0000000000000000
0000000000000000
0000000000000000
0000000000000000
0000000000000000
0000000000000000
0000000000000000
0000000000000000
0000000000000000
0000000000000000
0000000000000000
0000000000000000
0000000000000000
0000000000000000
ENDCHAR
STARTCHAR U+21A8
ENCODING 8616
SWIDTH 3200 0
DWIDTH 32 0
BBX 32 64 0 0
BITMAP
0000000000000000
0000000000000000
0000000000000000
0000000000000000
0000000000000000
0000000000000000
0000000000000000
0000000000000000
0000000000000000
0000000000000000
0000000000000000
0000000000000000
0000000000000000
0000000000000000
0000000000000000
0000000000000000
0000000000000000
0000000000000000
0000000000000000
0000000000000000
0000000000000000
0000000000000000
0000000000000000
0000000000000000
0000000000000000
0000000000000000
0000000000000000
0000000000000000
0000000000000000
0000000000000000
0000000000000000
0000000000000000
0000000000000000
0000000000000000
0000000000000000
0000000000000000
0000000000000000
0000000000000000
0000000000000000
0000000000000000
0000000000000000
0000000000000000
0000000000000000
0000000000000000
0000000000000000
0000000000000000
0000000000000000
0000000000000000
0000000000000000
0000000000000000
0000000000000000
0000000000000000
0000000000000000
0000000000000000
0000000000000000
0000000000000000
0000000000000000
0000000000000000
0000000000000000
0000000000000000
0000000000000000
0000000000000000
0000000000000000
0000000000000000
ENDCHAR
STARTCHAR U+2191
ENCODING 8593
SWIDTH 3200 0
DWIDTH 32 0
BBX 32 64 0 0
BITMAP
0000000000000000
0000000000000000
0000000000000000
0000000000000000
0000000000000000
0000000000000000
0000000000000000
0000000000000000
0000000000000000
0000000000000000
0000000000000000
0000000000000000
0000000000000000
0000000000000000
0000000000000000
0000000000000000
0000000000000000
0000000000000000
0000000000000000
0000000000000000
0000000000000000
0000000000000000
0000000000000000
0000000000000000
0000000000000000
0000000000000000
0000000000000000
0000000000000000
0000000000000000
0000000000000000
0000000000000000
0000000000000000
0000000000000000
0000000000000000
0000000000000000
0000000000000000
0000000000000000
0000000000000000
0000000000000000
0000000000000000
0000000000000000
0000000000000000
0000000000000000
0000000000000000
0000000000000000
0000000000000000
0000000000000000
0000000000000000
0000000000000000
0000000000000000
0000000000000000
0000000000000000
0000000000000000
0000000000000000
0000000000000000
0000000000000000
0000000000000000
0000000000000000
0000000000000000
0000000000000000
0000000000000000
0000000000000000
0000000000000000
0000000000000000
ENDCHAR
STARTCHAR U+2193
ENCODING 8595
SWIDTH 3200 0
DWIDTH 32 0
BBX 32 64 0 0
BITMAP
0000000000000000
0000000000000000
0000000000000000
0000000000000000
0000000000000000
0000000000000000
0000000000000000
0000000000000000
0000000000000000
0000000000000000
0000000000000000
0000000000000000
0000000000000000
0000000000000000
0000000000000000
0000000000000000
0000000000000000
0000000000000000
0000000000000000
0000000000000000
0000000000000000
0000000000000000
0000000000000000
0000000000000000
0000000000000000
0000000000000000
0000000000000000
0000000000000000
0000000000000000
0000000000000000
0000000000000000
0000000000000000
0000000000000000
0000000000000000
0000000000000000
0000000000000000
0000000000000000
0000000000000000
0000000000000000
0000000000000000
0000000000000000
0000000000000000
0000000000000000
0000000000000000
0000000000000000
0000000000000000
0000000000000000
0000000000000000
0000000000000000
0000000000000000
0000000000000000
0000000000000000
0000000000000000
0000000000000000
0000000000000000
0000000000000000
0000000000000000
0000000000000000
0000000000000000
0000000000000000
0000000000000000
0000000000000000
0000000000000000
0000000000000000
ENDCHAR
STARTCHAR U+2192
ENCODING 8594
SWIDTH 3200 0
DWIDTH 32 0
BBX 32 64 0 0
BITMAP
0000000000000000
0000000000000000
0000000000000000
0000000000000000
0000000000000000
0000000000000000
0000000000000000
0000000000000000
0000000000000000
0000000000000000
0000000000000000
0000000000000000
0000000000000000
0000000000000000
0000000000000000
0000000000000000
0000000000000000
0000000000000000
0000000000000000
0000000000000000
0000000000000000
0000000000000000
0000000000000000
0000000000000000
0000000000000000
0000000000000000
0000000000000000
0000000000000000
0000000000000000
0000000000000000
0000000000000000
0000000000000000
0000000000000000
0000000000000000
0000000000000000
0000000000000000
0000000000000000
0000000000000000
0000000000000000
0000000000000000
0000000000000000
0000000000000000
0000000000000000
0000000000000000
0000000000000000
0000000000000000
0000000000000000
0000000000000000
0000000000000000
0000000000000000
0000000000000000
0000000000000000
0000000000000000
0000000000000000
0000000000000000
0000000000000000
0000000000000000
0000000000000000
0000000000000000
0000000000000000
0000000000000000
0000000000000000
0000000000000000
0000000000000000
ENDCHAR
STARTCHAR U+2190
ENCODING 8592
SWIDTH 3200 0
DWIDTH 32 0
BBX 32 64 0 0
BITMAP
0000000000000000
0000000000000000
0000000000000000
0000000000000000
0000000000000000
0000000000000000
0000000000000000
0000000000000000
0000000000000000
0000000000000000
0000000000000000
0000000000000000
0000000000000000
0000000000000000
0000000000000000
0000000000000000
0000000000000000
0000000000000000
0000000000000000
0000000000000000
0000000000000000
0000000000000000
0000000000000000
0000000000000000
0000000000000000
0000000000000000
0000000000000000
0000000000000000
0000000000000000
0000000000000000
0000000000000000
0000000000000000
0000000000000000
0000000000000000
0000000000000000
0000000000000000
0000000000000000
0000000000000000
0000000000000000
0000000000000000
0000000000000000
0000000000000000
0000000000000000
0000000000000000
0000000000000000
0000000000000000
0000000000000000
0000000000000000
0000000000000000
0000000000000000
0000000000000000
0000000000000000
0000000000000000
0000000000000000
0000000000000000
0000000000000000
0000000000000000
0000000000000000
0000000000000000
0000000000000000
0000000000000000
0000000000000000
0000000000000000
0000000000000000
ENDCHAR
STARTCHAR U+221F
ENCODING 8735
SWIDTH 3200 0
DWIDTH 32 0
BBX 32 64 0 0
BITMAP
0000000000000000
0000000000000000
0000000000000000
0000000000000000
0000000000000000
0000000000000000
0000000000000000
0000000000000000
0000000000000000
0000000000000000
0000000000000000
0000000000000000
0000000000000000
0000000000000000
0000000000000000
0000000000000000
0000000000000000
0000000000000000
0000000000000000
0000000000000000
0000000000000000
0000000000000000
0000000000000000
0000000000000000
0000000000000000
0000000000000000
0000000000000000
0000000000000000
0000000000000000
0000000000000000
0000000000000000
0000000000000000
0000000000000000
0000000000000000
0000000000000000
0000000000000000
0000000000000000
0000000000000000
0000000000000000
0000000000000000
0000000000000000
0000000000000000
0000000000000000
0000000000000000
0000000000000000
0000000000000000
0000000000000000
0000000000000000
0000000000000000
0000000000000000
0000000000000000
0000000000000000
0000000000000000
0000000000000000
0000000000000000
0000000000000000
0000000000000000
0000000000000000
0000000000000000
0000000000000000
0000000000000000
0000000000000000
0000000000000000
0000000000000000
ENDCHAR
STARTCHAR U+2194
ENCODING 8596
SWIDTH 3200 0
DWIDTH 32 0
BBX 32 64 0 0
BITMAP
0000000000000000
0000000000000000
0000000000000000
0000000000000000
0000000000000000
0000000000000000
0000000000000000
0000000000000000
0000000000000000
0000000000000000
0000000000000000
0000000000000000
0000000000000000
0000000000000000
0000000000000000
0000000000000000
0000000000000000
0000000000000000
0000000000000000
0000000000000000
0000000000000000
0000000000000000
0000000000000000
0000000000000000
0000000000000000
0000000000000000
0000000000000000
0000000000000000
0000000000000000
0000000000000000
0000000000000000
0000000000000000
0000000000000000
0000000000000000
0000000000000000
0000000000000000
0000000000000000
0000000000000000
0000000000000000
0000000000000000
0000000000000000
0000000000000000
0000000000000000
0000000000000000
0000000000000000
0000000000000000
0000000000000000
0000000000000000
0000000000000000
0000000000000000
0000000000000000
0000000000000000
0000000000000000
0000000000000000
0000000000000000
0000000000000000
0000000000000000
0000000000000000
0000000000000000
0000000000000000
0000000000000000
0000000000000000
0000000000000000
0000000000000000
ENDCHAR
STARTCHAR U+25B2
ENCODING 9650
SWIDTH 3200 0
DWIDTH 32 0
BBX 32 64 0 0
BITMAP
0000000000000000
0000000000000000
0000000000000000
0000000000000000
0000000000000000
0000000000000000
0000000000000000
0000000000000000
0000000000000000
0000000000000000
0000000000000000
0000000000000000
0000000000000000
0000000000000000
0000000000000000
0000000000000000
0000000000000000
0000000000000000
0000000000000000
0000000000000000
0000000000000000
0000000000000000
0000000000000000
0000000000000000
0000000000000000
0000000000000000
0000000000000000
0000000000000000
0000000000000000
0000000000000000
0000000000000000
0000000000000000
0000000000000000
0000000000000000
0000000000000000
0000000000000000
0000000000000000
0000000000000000
0000000000000000
0000000000000000
0000000000000000
0000000000000000
0000000000000000
0000000000000000
0000000000000000
0000000000000000
0000000000000000
0000000000000000
0000000000000000
0000000000000000
0000000000000000
0000000000000000
0000000000000000
0000000000000000
0000000000000000
0000000000000000
0000000000000000
0000000000000000
0000000000000000
0000000000000000
0000000000000000
0000000000000000
0000000000000000
0000000000000000
ENDCHAR
STARTCHAR U+25BC
ENCODING 9660
SWIDTH 3200 0
DWIDTH 32 0
BBX 32 64 0 0
BITMAP
0000000000000000
0000000000000000
0000000000000000
0000000000000000
0000000000000000
0000000000000000
0000000000000000
0000000000000000
0000000000000000
0000000000000000
0000000000000000
0000000000000000
0000000000000000
0000000000000000
0000000000000000
0000000000000000
0000000000000000
0000000000000000
0000000000000000
0000000000000000
0000000000000000
0000000000000000
0000000000000000
0000000000000000
0000000000000000
0000000000000000
0000000000000000
0000000000000000
0000000000000000
0000000000000000
0000000000000000
0000000000000000
0000000000000000
0000000000000000
0000000000000000
0000000000000000
0000000000000000
0000000000000000
0000000000000000
0000000000000000
0000000000000000
0000000000000000
0000000000000000
0000000000000000
0000000000000000
0000000000000000
0000000000000000
0000000000000000
0000000000000000
0000000000000000
0000000000000000
0000000000000000
0000000000000000
0000000000000000
0000000000000000
0000000000000000
0000000000000000
0000000000000000
0000000000000000
0000000000000000
0000000000000000
0000000000000000
0000000000000000
0000000000000000
ENDCHAR
STARTCHAR U+00FF
ENCODING 255
SWIDTH 3200 0
DWIDTH 32 0
BBX 32 64 0 0
BITMAP
0000000000000000
0000000000000000
0000000000000000
0000000000000000
0000000000000000
0000000000000000
0000000000000000
0000000000000000
0000000000000000
0000000000000000
0000000000000000
0000000000000000
0000000000000000
0000000000000000
0000000000000000
0000000000000000
0000000000000000
0000000000000000
0000000000000000
0000000000000000
0000000000000000
0000000000000000
0000000000000000
0000000000000000
0000000000000000
0000000000000000
0000000000000000
0000000000000000
0000000000000000
0000000000000000
0000000000000000
0000000000000000
0000000000000000
0000000000000000
0000000000000000
0000000000000000
0000000000000000
0000000000000000
0000000000000000
0000000000000000
0000000000000000
0000000000000000
0000000000000000
0000000000000000
0000000000000000
0000000000000000
0000000000000000
0000000000000000
0000000000000000
0000000000000000
0000000000000000
0000000000000000
0000000000000000
0000000000000000
0000000000000000
0000000000000000
0000000000000000
0000000000000000
0000000000000000
0000000000000000
0000000000000000
0000000000000000
0000000000000000
0000000000000000
ENDCHAR
STARTCHAR U+0021
ENCODING 33
SWIDTH 3200 0
DWIDTH 32 0
BBX 32 64 0 0
BITMAP
000FF00000000000
000FF00000000000
000FF00000000000
000FF00000000000
000FF00000000000
000FF00000000000
000FF00000000000
000FF00000000000
000FF00000000000
000FF00000000000
000FF00000000000
000FF00000000000
000FF00000000000
000FF00000000000
000FF00000000000
000FF00000000000
000FF00000000000
000FF00000000000
000FF00000000000
000FF00000000000
000FF00000000000
000FF00000000000
000FF00000000000
000FF00000000000
000FF00000000000
000FF00000000000
000FF00000000000
000FF00000000000
000FF00000000000
000FF00000000000
000FF00000000000
000FF00000000000
0000000000000000
0000000000000000
0000000000000000
0000000000000000
0000000000000000
0000000000000000
0000000000000000
0000000000000000
0000000000000000
0000000000000000
0000000000000000
0000000000000000
0000000000000000
0000000000000000
0000000000000000
0000000000000000
000FF00000000000
000FF00000000000
000FF00000000000
000FF00000000000
000FF00000000000
000FF00000000000
000FF00000000000
000FF00000000000
0000000000000000
0000000000000000
0000000000000000
0000000000000000
0000000000000000
0000000000000000
0000000000000000
0000000000000000
ENDCHAR
STARTCHAR U+0022
ENCODING 34
SWIDTH 3200 0
DWIDTH 32 0
BBX 32 64 0 0
BITMAP
0FF00FF000000000
0FF00FF000000000
0FF00FF000000000
0FF00FF000000000
0FF00FF000000000
0FF00FF000000000
0FF00FF000000000
0FF00FF000000000
0FF00FF000000000
0FF00FF000000000
0FF00FF000000000
0FF00FF000000000
0FF00FF000000000
0FF00FF000000000
0FF00FF000000000
0FF00FF000000000
0FF00FF000000000
0FF00FF000000000
0FF00FF000000000
0FF00FF000000000
0FF00FF000000000
0FF00FF000000000
0FF00FF000000000
0FF00FF000000000
0000000000000000
0000000000000000
0000000000000000
0000000000000000
0000000000000000
0000000000000000
0000000000000000
0000000000000000
0000000000000000
0000000000000000
0000000000000000
0000000000000000
0000000000000000
0000000000000000
0000000000000000
0000000000000000
0000000000000000
0000000000000000
0000000000000000
0000000000000000
0000000000000000
0000000000000000
0000000000000000
0000000000000000
0000000000000000
0000000000000000
0000000000000000
0000000000000000
0000000000000000
0000000000000000
0000000000000000
0000000000000000
0000000000000000
0000000000000000
0000000000000000
0000000000000000
0000000000000000
0000000000000000
0000000000000000
0000000000000000
ENDCHAR
STARTCHAR U+0023
ENCODING 35
SWIDTH 3200 0
DWIDTH 32 0
BBX 32 64 0 0
BITMAP
0FF00FF000000000
0FF00FF000000000
0FF00FF000000000
0FF00FF000000000
0FF00FF000000000
0FF00FF000000000
0FF00FF000000000
0FF00FF000000000
0FF00FF000000000
0FF00FF000000000
0FF00FF000000000
0FF00FF000000000
0FF00FF000000000
0FF00FF000000000
0FF00FF000000000
0FF00FF000000000
FFFFFFFF00000000
FFFFFFFF00000000
FFFFFFFF00000000
FFFFFFFF00000000
FFFFFFFF00000000
FFFFFFFF00000000
FFFFFFFF00000000
FFFFFFFF00000000
0FF00FF000000000
0FF00FF000000000
0FF00FF000000000
0FF00FF000000000
0FF00FF000000000
0FF00FF000000000
0FF00FF000000000
0FF00FF000000000
FFFFFFFF00000000
FFFFFFFF00000000
FFFFFFFF00000000
FFFFFFFF00000000
FFFFFFFF00000000
FFFFFFFF00000000
FFFFFFFF00000000
FFFFFFFF00000000
0FF00FF000000000
0FF00FF000000000
0FF00FF000000000
0FF00FF000000000
0FF00FF000000000
0FF00FF000000000
0FF00FF000000000
0FF00FF000000000
0FF00FF000000000
0FF00FF000000000
0FF00FF000000000
0FF00FF000000000
0FF00FF000000000
0FF00FF000000000
0FF00FF000000000
0FF00FF000000000
0000000000000000
0000000000000000
0000000000000000
0000000000000000
0000000000000000
0000000000000000
0000000000000000
0000000000000000
ENDCHAR
STARTCHAR U+0024
ENCODING 36
SWIDTH 3200 0
DWIDTH 32 0
BBX 32 64 0 0
BITMAP
000FF00000000000
000FF00000000000
000FF00000000000
000FF00000000000
000FF00000000000
000FF00000000000
000FF00000000000
000FF00000000000
00FFFFF000000000
00FFFFF000000000
00FFFFF000000000
00FFFFF000000000
00FFFFF000000000
00FFFFF000000000
00FFFFF000000000
00FFFFF000000000
0FF0000000000000
0FF0000000000000
0FF0000000000000
0FF0000000000000
0FF0000000000000
0FF0000000000000
0FF0000000000000
0FF0000000000000
00FFFF0000000000
00FFFF0000000000
00FFFF0000000000
00FFFF0000000000
00FFFF0000000000
00FFFF0000000000
00FFFF0000000000
00FFFF0000000000
00000FF000000000
00000FF000000000
00000FF000000000
00000FF000000000
00000FF000000000
00000FF000000000
00000FF000000000
00000FF000000000
0FFFFF0000000000
0FFFFF0000000000
0FFFFF0000000000
0FFFFF0000000000
0FFFFF0000000000
0FFFFF0000000000
0FFFFF0000000000
0FFFFF0000000000
000FF00000000000
000FF00000000000
000FF00000000000
000FF00000000000
000FF00000000000
000FF00000000000
000FF00000000000
000FF00000000000
0000000000000000
0000000000000000
0000000000000000
0000000000000000
0000000000000000
0000000000000000
0000000000000000
0000000000000000
ENDCHAR
STARTCHAR U+0025
ENCODING 37
SWIDTH 3200 0
DWIDTH 32 0
BBX 32 64 0 0
BITMAP
0FF000F000000000
0FF000F000000000
0FF000F000000000
0FF000F000000000
0FF000F000000000
0FF000F000000000
0FF000F000000000
0FF000F000000000
0FF00FF000000000
0FF00FF000000000
0FF00FF000000000
0FF00FF000000000
0FF00FF000000000
0FF00FF000000000
0FF00FF000000000
0FF00FF000000000
0000FF0000000000
0000FF0000000000
0000FF0000000000
0000FF0000000000
0000FF0000000000
0000FF0000000000
0000FF0000000000
0000FF0000000000
000FF00000000000
000FF00000000000
000FF00000000000
000FF00000000000
000FF00000000000
000FF00000000000
000FF00000000000
000FF00000000000
00FF000000000000
00FF000000000000
00FF000000000000
00FF000000000000
00FF000000000000
00FF000000000000
00FF000000000000
00FF000000000000
0FF00FF000000000
0FF00FF000000000
0FF00FF000000000
0FF00FF000000000
0FF00FF000000000
0FF00FF000000000
0FF00FF000000000
0FF00FF000000000
0F000FF000000000
0F000FF000000000
0F000FF000000000
0F000FF000000000
0F000FF000000000
0F000FF000000000
0F000FF000000000
0F000FF000000000
0000000000000000
0000000000000000
0000000000000000
0000000000000000
0000000000000000
0000000000000000
0000000000000000
0000000000000000
ENDCHAR
STARTCHAR U+0026
ENCODING 38
SWIDTH 3200 0
DWIDTH 32 0
BBX 32 64 0 0
BITMAP
00FFFF0000000000
00FFFF0000000000
00FFFF0000000000
00FFFF0000000000
00FFFF0000000000
00FFFF0000000000
00FFFF0000000000
00FFFF0000000000
0FF00FF000000000
0FF00FF000000000
0FF00FF000000000
0FF00FF000000000
0FF00FF000000000
0FF00FF000000000
0FF00FF000000000
0FF00FF000000000
00FFFF0000000000
00FFFF0000000000
00FFFF0000000000
00FFFF0000000000
00FFFF0000000000
00FFFF0000000000
00FFFF0000000000
00FFFF0000000000
00FFF00000000000
00FFF00000000000
00FFF00000000000
00FFF00000000000
00FFF00000000000
00FFF00000000000
00FFF00000000000
00FFF00000000000
0FF00FFF00000000
0FF00FFF00000000
0FF00FFF00000000
0FF00FFF00000000
0FF00FFF00000000
0FF00FFF00000000
0FF00FFF00000000
0FF00FFF00000000
0FF00FF000000000
0FF00FF000000000
0FF00FF000000000
0FF00FF000000000
0FF00FF000000000
0FF00FF000000000
0FF00FF000000000
0FF00FF000000000
00FFFFFF00000000
00FFFFFF00000000
00FFFFFF00000000
00FFFFFF00000000
00FFFFFF00000000
00FFFFFF00000000
00FFFFFF00000000
00FFFFFF00000000
0000000000000000
0000000000000000
0000000000000000
0000000000000000
0000000000000000
0000000000000000
0000000000000000
0000000000000000
ENDCHAR
STARTCHAR U+0027
ENCODING 39
SWIDTH 3200 0
DWIDTH 32 0
BBX 32 64 0 0
BITMAP
00000FF000000000
00000FF000000000
00000FF000000000
00000FF000000000
00000FF000000000
00000FF000000000
00000FF000000000
00000FF000000000
0000FF0000000000
0000FF0000000000
0000FF0000000000
0000FF0000000000
0000FF0000000000
0000FF0000000000
0000FF0000000000
0000FF0000000000
000FF00000000000
000FF00000000000
000FF00000000000
000FF00000000000
000FF00000000000
000FF00000000000
000FF00000000000
000FF00000000000
0000000000000000
0000000000000000
0000000000000000
0000000000000000
0000000000000000
0000000000000000
0000000000000000
0000000000000000
0000000000000000
0000000000000000
0000000000000000
0000000000000000
0000000000000000
0000000000000000
0000000000000000
0000000000000000
0000000000000000
0000000000000000
0000000000000000
0000000000000000
0000000000000000
0000000000000000
0000000000000000
0000000000000000
0000000000000000
0000000000000000
0000000000000000
0000000000000000
0000000000000000
0000000000000000
0000000000000000
0000000000000000
0000000000000000
0000000000000000
0000000000000000
0000000000000000
0000000000000000
0000000000000000
0000000000000000
0000000000000000
ENDCHAR
STARTCHAR U+0028
ENCODING 40
SWIDTH 3200 0
DWIDTH 32 0
BBX 32 64 0 0
BITMAP
0000FF0000000000
0000FF0000000000
0000FF0000000000
0000FF0000000000
0000FF0000000000
0000FF0000000000
0000FF0000000000
0000FF0000000000
000FF00000000000
000FF00000000000
000FF00000000000
000FF00000000000
000FF00000000000
000FF00000000000
000FF00000000000
000FF00000000000
00FF000000000000
00FF000000000000
00FF000000000000
00FF000000000000
00FF000000000000
00FF000000000000
00FF000000000000
00FF000000000000
00FF000000000000
00FF000000000000
00FF000000000000
00FF000000000000
00FF000000000000
00FF000000000000
00FF000000000000
00FF000000000000
00FF000000000000
00FF000000000000
00FF000000000000
00FF000000000000
00FF000000000000
00FF000000000000
00FF000000000000
00FF000000000000
000FF00000000000
000FF00000000000
000FF00000000000
000FF00000000000
000FF00000000000
000FF00000000000
000FF00000000000
000FF00000000000
0000FF0000000000
0000FF0000000000
0000FF0000000000
0000FF0000000000
0000FF0000000000
0000FF0000000000
0000FF0000000000
0000FF0000000000
0000000000000000
0000000000000000
0000000000000000
0000000000000000
0000000000000000
0000000000000000
0000000000000000
0000000000000000
ENDCHAR
STARTCHAR U+0029
ENCODING 41
SWIDTH 3200 0
DWIDTH 32 0
BBX 32 64 0 0
BITMAP
00FF000000000000
00FF000000000000
00FF000000000000
00FF000000000000
00FF000000000000
00FF000000000000
00FF000000000000
00FF000000000000
000FF00000000000
000FF00000000000
000FF00000000000
000FF00000000000
000FF00000000000
000FF00000000000
000FF00000000000
000FF00000000000
0000FF0000000000
0000FF0000000000
0000FF0000000000
0000FF0000000000
0000FF0000000000
0000FF0000000000
0000FF0000000000
0000FF0000000000
0000FF0000000000
0000FF0000000000
0000FF0000000000
0000FF0000000000
0000FF0000000000
0000FF0000000000
0000FF0000000000
0000FF0000000000
0000FF0000000000
0000FF0000000000
0000FF0000000000
0000FF0000000000
0000FF0000000000
0000FF0000000000
0000FF0000000000
0000FF0000000000
000FF00000000000
000FF00000000000
000FF00000000000
000FF00000000000
000FF00000000000
000FF00000000000
000FF00000000000
000FF00000000000
00FF000000000000
00FF000000000000
00FF000000000000
00FF000000000000
00FF000000000000
00FF000000000000
00FF000000000000
00FF000000000000
0000000000000000
0000000000000000
0000000000000000
0000000000000000
0000000000000000
0000000000000000
0000000000000000
0000000000000000
ENDCHAR
STARTCHAR U+002A
ENCODING 42
SWIDTH 3200 0
DWIDTH 32 0
BBX 32 64 0 0
BITMAP
0000000000000000
0000000000000000
0000000000000000
0000000000000000
0000000000000000
0000000000000000
0000000000000000
0000000000000000
0FF00FF000000000
0FF00FF000000000
0FF00FF000000000
0FF00FF000000000
0FF00FF000000000
0FF00FF000000000
0FF00FF000000000
0FF00FF000000000
00FFFF0000000000
00FFFF0000000000
00FFFF0000000000
00FFFF0000000000
00FFFF0000000000
00FFFF0000000000
00FFFF0000000000
00FFFF0000000000
FFFFFFFF00000000
FFFFFFFF00000000
FFFFFFFF00000000
FFFFFFFF00000000
FFFFFFFF00000000
FFFFFFFF00000000
FFFFFFFF00000000
FFFFFFFF00000000
00FFFF0000000000
00FFFF0000000000
00FFFF0000000000
00FFFF0000000000
00FFFF0000000000
00FFFF0000000000
00FFFF0000000000
00FFFF0000000000
0FF00FF000000000
0FF00FF000000000
0FF00FF000000000
0FF00FF000000000
0FF00FF000000000
0FF00FF000000000
0FF00FF000000000
0FF00FF000000000
0000000000000000
0000000000000000
0000000000000000
0000000000000000
0000000000000000
0000000000000000
0000000000000000
0000000000000000
0000000000000000
0000000000000000
0000000000000000
0000000000000000
0000000000000000
0000000000000000
0000000000000000
0000000000000000
ENDCHAR
STARTCHAR U+002B
ENCODING 43
SWIDTH 3200 0
DWIDTH 32 0
BBX 32 64 0 0
BITMAP
0000000000000000
0000000000000000
0000000000000000
0000000000000000
0000000000000000
0000000000000000
0000000000000000
0000000000000000
000FF00000000000
000FF00000000000
000FF00000000000
000FF00000000000
000FF00000000000
000FF00000000000
000FF00000000000
000FF00000000000
000FF00000000000
000FF00000000000
000FF00000000000
000FF00000000000
000FF00000000000
000FF00000000000
000FF00000000000
000FF00000000000
0FFFFFF000000000
0FFFFFF000000000
0FFFFFF000000000
0FFFFFF000000000
0FFFFFF000000000
0FFFFFF000000000
0FFFFFF000000000
0FFFFFF000000000
000FF00000000000
000FF00000000000
000FF00000000000
000FF00000000000
000FF00000000000
000FF00000000000
000FF00000000000
000FF00000000000
000FF00000000000
000FF00000000000
000FF00000000000
000FF00000000000
000FF00000000000
000FF00000000000
000FF00000000000
000FF00000000000
0000000000000000
0000000000000000
0000000000000000
0000000000000000
0000000000000000
0000000000000000
0000000000000000
0000000000000000
0000000000000000
0000000000000000
0000000000000000
0000000000000000
0000000000000000
0000000000000000
0000000000000000
0000000000000000
ENDCHAR
STARTCHAR U+002C
ENCODING 44
SWIDTH 3200 0
DWIDTH 32 0
BBX 32 64 0 0
BITMAP
0000000000000000
0000000000000000
0000000000000000
0000000000000000
0000000000000000
0000000000000000
0000000000000000
0000000000000000
0000000000000000
0000000000000000
0000000000000000
0000000000000000
0000000000000000
0000000000000000
0000000000000000
0000000000000000
0000000000000000
0000000000000000
0000000000000000
0000000000000000
0000000000000000
0000000000000000
0000000000000000
0000000000000000
0000000000000000
0000000000000000
0000000000000000
0000000000000000
0000000000000000
0000000000000000
0000000000000000
0000000000000000
0000000000000000
0000000000000000
0000000000000000
0000000000000000
0000000000000000
0000000000000000
0000000000000000
0000000000000000
000FF00000000000
000FF00000000000
000FF00000000000
000FF00000000000
000FF00000000000
000FF00000000000
000FF00000000000
000FF00000000000
000FF00000000000
000FF00000000000
000FF00000000000
000FF00000000000
000FF00000000000
000FF00000000000
000FF00000000000
000FF00000000000
00FF000000000000
00FF000000000000
00FF000000000000
00FF000000000000
00FF000000000000
00FF000000000000
00FF000000000000
00FF000000000000
ENDCHAR
STARTCHAR U+002D
ENCODING 45
SWIDTH 3200 0
DWIDTH 32 0
BBX 32 64 0 0
BITMAP
0000000000000000
0000000000000000
0000000000000000
0000000000000000
0000000000000000
0000000000000000
0000000000000000
0000000000000000
0000000000000000
0000000000000000
0000000000000000
0000000000000000
0000000000000000
0000000000000000
0000000000000000
0000000000000000
0000000000000000
0000000000000000
0000000000000000
0000000000000000
0000000000000000
0000000000000000
0000000000000000
0000000000000000
0FFFFFF000000000
0FFFFFF000000000
0FFFFFF000000000
0FFFFFF000000000
0FFFFFF000000000
0FFFFFF000000000
0FFFFFF000000000
0FFFFFF000000000
0000000000000000
0000000000000000
0000000000000000
0000000000000000
0000000000000000
0000000000000000
0000000000000000
0000000000000000
0000000000000000
0000000000000000
0000000000000000
0000000000000000
0000000000000000
0000000000000000
0000000000000000
0000000000000000
0000000000000000
0000000000000000
0000000000000000
0000000000000000
0000000000000000
0000000000000000
0000000000000000
0000000000000000
0000000000000000
0000000000000000
0000000000000000
0000000000000000
0000000000000000
0000000000000000
0000000000000000
0000000000000000
ENDCHAR
STARTCHAR U+002E
ENCODING 46
SWIDTH 3200 0
DWIDTH 32 0
BBX 32 64 0 0
BITMAP
0000000000000000
0000000000000000
0000000000000000
0000000000000000
0000000000000000
0000000000000000
0000000000000000
0000000000000000
0000000000000000
0000000000000000
0000000000000000
0000000000000000
0000000000000000
0000000000000000
0000000000000000
0000000000000000
0000000000000000
0000000000000000
0000000000000000
0000000000000000
0000000000000000
0000000000000000
0000000000000000
0000000000000000
0000000000000000
0000000000000000
0000000000000000
0000000000000000
0000000000000000
0000000000000000
0000000000000000
0000000000000000
0000000000000000
0000000000000000
0000000000000000
0000000000000000
0000000000000000
0000000000000000
0000000000000000
0000000000000000
000FF00000000000
000FF00000000000
000FF00000000000
000FF00000000000
000FF00000000000
000FF00000000000
000FF00000000000
000FF00000000000
000FF00000000000
000FF00000000000
000FF00000000000
000FF00000000000
000FF00000000000
000FF00000000000
000FF00000000000
000FF00000000000
0000000000000000
0000000000000000
0000000000000000
0000000000000000
0000000000000000
0000000000000000
0000000000000000
0000000000000000
ENDCHAR
STARTCHAR U+002F
ENCODING 47
SWIDTH 3200 0
DWIDTH 32 0
BBX 32 64 0 0
BITMAP
0000000000000000
0000000000000000
0000000000000000
0000000000000000
0000000000000000
0000000000000000
0000000000000000
0000000000000000
000000FF00000000
000000FF00000000
000000FF00000000
000000FF00000000
000000FF00000000
000000FF00000000
000000FF00000000
000000FF00000000
00000FF000000000
00000FF000000000
00000FF000000000
00000FF000000000
00000FF000000000
00000FF000000000
00000FF000000000
00000FF000000000
0000FF0000000000
0000FF0000000000
0000FF0000000000
0000FF0000000000
0000FF0000000000
0000FF0000000000
0000FF0000000000
0000FF0000000000
000FF00000000000
000FF00000000000
000FF00000000000
000FF00000000000
000FF00000000000
000FF00000000000
000FF00000000000
000FF00000000000
00FF000000000000
00FF000000000000
00FF000000000000
00FF000000000000
00FF000000000000
00FF000000000000
00FF000000000000
00FF000000000000
0FF0000000000000
0FF0000000000000
0FF0000000000000
0FF0000000000000
0FF0000000000000
0FF0000000000000
0FF0000000000000
0FF0000000000000
0000000000000000
0000000000000000
0000000000000000
0000000000000000
0000000000000000
0000000000000000
0000000000000000
0000000000000000
ENDCHAR
STARTCHAR U+0030
ENCODING 48
SWIDTH 3200 0
DWIDTH 32 0
BBX 32 64 0 0
BITMAP
00FFFF0000000000
00FFFF0000000000
00FFFF0000000000
00FFFF0000000000
00FFFF0000000000
00FFFF0000000000
00FFFF0000000000
00FFFF0000000000
0FF00FF000000000
0FF00FF000000000
0FF00FF000000000
0FF00FF000000000
0FF00FF000000000
0FF00FF000000000
0FF00FF000000000
0FF00FF000000000
0FF0FFF000000000
0FF0FFF000000000
0FF0FFF000000000
0FF0FFF000000000
0FF0FFF000000000
0FF0FFF000000000
0FF0FFF000000000
0FF0FFF000000000
0FFF0FF000000000
0FFF0FF000000000
0FFF0FF000000000
0FFF0FF000000000
0FFF0FF000000000
0FFF0FF000000000
0FFF0FF000000000
0FFF0FF000000000
0FF00FF000000000
0FF00FF000000000
0FF00FF000000000
0FF00FF000000000
0FF00FF000000000
0FF00FF000000000
0FF00FF000000000
0FF00FF000000000
0FF00FF000000000
0FF00FF000000000
0FF00FF000000000
0FF00FF000000000
0FF00FF000000000
0FF00FF000000000
0FF00FF000000000
0FF00FF000000000
00FFFF0000000000
00FFFF0000000000
00FFFF0000000000
00FFFF0000000000
00FFFF0000000000
00FFFF0000000000
00FFFF0000000000
00FFFF0000000000
0000000000000000
0000000000000000
0000000000000000
0000000000000000
0000000000000000
0000000000000000
0000000000000000
0000000000000000
ENDCHAR
STARTCHAR U+0031
ENCODING 49
SWIDTH 3200 0
DWIDTH 32 0
BBX 32 64 0 0
BITMAP
000FF00000000000
000FF00000000000
000FF00000000000
000FF00000000000
000FF00000000000
000FF00000000000
000FF00000000000
000FF00000000000
000FF00000000000
000FF00000000000
000FF00000000000
000FF00000000000
000FF00000000000
000FF00000000000
000FF00000000000
000FF00000000000
00FFF00000000000
00FFF00000000000
00FFF00000000000
00FFF00000000000
00FFF00000000000
00FFF00000000000
00FFF00000000000
00FFF00000000000
000FF00000000000
000FF00000000000
000FF00000000000
000FF00000000000
000FF00000000000
000FF00000000000
000FF00000000000
000FF00000000000
000FF00000000000
000FF00000000000
000FF00000000000
000FF00000000000
000FF00000000000
000FF00000000000
000FF00000000000
000FF00000000000
000FF00000000000
000FF00000000000
000FF00000000000
000FF00000000000
000FF00000000000
000FF00000000000
000FF00000000000
000FF00000000000
0FFFFFF000000000
0FFFFFF000000000
0FFFFFF000000000
0FFFFFF000000000
0FFFFFF000000000
0FFFFFF000000000
0FFFFFF000000000
0FFFFFF000000000
0000000000000000
0000000000000000
0000000000000000
0000000000000000
0000000000000000
0000000000000000
0000000000000000
0000000000000000
ENDCHAR
STARTCHAR U+0032
ENCODING 50
SWIDTH 3200 0
DWIDTH 32 0
BBX 32 64 0 0
BITMAP
00FFFF0000000000
00FFFF0000000000
00FFFF0000000000
00FFFF0000000000
00FFFF0000000000
00FFFF0000000000
00FFFF0000000000
00FFFF0000000000
0FF00FF000000000
0FF00FF000000000
0FF00FF000000000
0FF00FF000000000
0FF00FF000000000
0FF00FF000000000
0FF00FF000000000
0FF00FF000000000
00000FF000000000
00000FF000000000
00000FF000000000
00000FF000000000
00000FF000000000
00000FF000000000
00000FF000000000
00000FF000000000
0000FF0000000000
0000FF0000000000
0000FF0000000000
0000FF0000000000
0000FF0000000000
0000FF0000000000
0000FF0000000000
0000FF0000000000
00FF000000000000
00FF000000000000
00FF000000000000
00FF000000000000
00FF000000000000
00FF000000000000
00FF000000000000
00FF000000000000
0FF0000000000000
0FF0000000000000
0FF0000000000000
0FF0000000000000
0FF0000000000000
0FF0000000000000
0FF0000000000000
0FF0000000000000
0FFFFFF000000000
0FFFFFF000000000
0FFFFFF000000000
0FFFFFF000000000
0FFFFFF000000000
0FFFFFF000000000
0FFFFFF000000000
0FFFFFF000000000
0000000000000000
0000000000000000
0000000000000000
0000000000000000
0000000000000000
0000000000000000
0000000000000000
0000000000000000
ENDCHAR
STARTCHAR U+0033
ENCODING 51
SWIDTH 3200 0
DWIDTH 32 0
BBX 32 64 0 0
BITMAP
00FFFF0000000000
00FFFF0000000000
00FFFF0000000000
00FFFF0000000000
00FFFF0000000000
00FFFF0000000000
00FFFF0000000000
00FFFF0000000000
0FF00FF000000000
0FF00FF000000000
0FF00FF000000000
0FF00FF000000000
0FF00FF000000000
0FF00FF000000000
0FF00FF000000000
0FF00FF000000000
00000FF000000000
00000FF000000000
00000FF000000000
00000FF000000000
00000FF000000000
00000FF000000000
00000FF000000000
00000FF000000000
000FFF0000000000
000FFF0000000000
000FFF0000000000
000FFF0000000000
000FFF0000000000
000FFF0000000000
000FFF0000000000
000FFF0000000000
00000FF000000000
00000FF000000000
00000FF000000000
00000FF000000000
00000FF000000000
00000FF000000000
00000FF000000000
00000FF000000000
0FF00FF000000000
0FF00FF000000000
0FF00FF000000000
0FF00FF000000000
0FF00FF000000000
0FF00FF000000000
0FF00FF000000000
0FF00FF000000000
00FFFF0000000000
00FFFF0000000000
00FFFF0000000000
00FFFF0000000000
00FFFF0000000000
00FFFF0000000000
00FFFF0000000000
00FFFF0000000000
0000000000000000
0000000000000000
0000000000000000
0000000000000000
0000000000000000
0000000000000000
0000000000000000
0000000000000000
ENDCHAR
STARTCHAR U+0034
ENCODING 52
SWIDTH 3200 0
DWIDTH 32 0
BBX 32 64 0 0
BITMAP
00000FF000000000
00000FF000000000
00000FF000000000
00000FF000000000
00000FF000000000
00000FF000000000
00000FF000000000
00000FF000000000
0000FFF000000000
0000FFF000000000
0000FFF000000000
0000FFF000000000
0000FFF000000000
0000FFF000000000
0000FFF000000000
0000FFF000000000
000FFFF000000000
000FFFF000000000
000FFFF000000000
000FFFF000000000
000FFFF000000000
000FFFF000000000
000FFFF000000000
000FFFF000000000
0FF00FF000000000
0FF00FF000000000
0FF00FF000000000
0FF00FF000000000
0FF00FF000000000
0FF00FF000000000
0FF00FF000000000
0FF00FF000000000
0FFFFFFF00000000
0FFFFFFF00000000
0FFFFFFF00000000
0FFFFFFF00000000
0FFFFFFF00000000
0FFFFFFF00000000
0FFFFFFF00000000
0FFFFFFF00000000
00000FF000000000
00000FF000000000
00000FF000000000
00000FF000000000
00000FF000000000
00000FF000000000
00000FF000000000
00000FF000000000
00000FF000000000
00000FF000000000
00000FF000000000
00000FF000000000
00000FF000000000
00000FF000000000
00000FF000000000
00000FF000000000
0000000000000000
0000000000000000
0000000000000000
0000000000000000
0000000000000000
0000000000000000
0000000000000000
0000000000000000
ENDCHAR
STARTCHAR U+0035
ENCODING 53
SWIDTH 3200 0
DWIDTH 32 0
BBX 32 64 0 0
BITMAP
0FFFFFF000000000
0FFFFFF000000000
0FFFFFF000000000
0FFFFFF000000000
0FFFFFF000000000
0FFFFFF000000000
0FFFFFF000000000
0FFFFFF000000000
0FF0000000000000
0FF0000000000000
0FF0000000000000
0FF0000000000000
0FF0000000000000
0FF0000000000000
0FF0000000000000
0FF0000000000000
0FFFFF0000000000
0FFFFF0000000000
0FFFFF0000000000
0FFFFF0000000000
0FFFFF0000000000
0FFFFF0000000000
0FFFFF0000000000
0FFFFF0000000000
00000FF000000000
00000FF000000000
00000FF000000000
00000FF000000000
00000FF000000000
00000FF000000000
00000FF000000000
00000FF000000000
00000FF000000000
00000FF000000000
00000FF000000000
00000FF000000000
00000FF000000000
00000FF000000000
00000FF000000000
00000FF000000000
0FF00FF000000000
0FF00FF000000000
0FF00FF000000000
0FF00FF000000000
0FF00FF000000000
0FF00FF000000000
0FF00FF000000000
0FF00FF000000000
00FFFF0000000000
00FFFF0000000000
00FFFF0000000000
00FFFF0000000000
00FFFF0000000000
00FFFF0000000000
00FFFF0000000000
00FFFF0000000000
0000000000000000
0000000000000000
0000000000000000
0000000000000000
0000000000000000
0000000000000000
0000000000000000
0000000000000000
ENDCHAR
STARTCHAR U+0036
ENCODING 54
SWIDTH 3200 0
DWIDTH 32 0
BBX 32 64 0 0
BITMAP
00FFFF0000000000
00FFFF0000000000
00FFFF0000000000
00FFFF0000000000
00FFFF0000000000
00FFFF0000000000
00FFFF0000000000
00FFFF0000000000
0FF00FF000000000
0FF00FF000000000
0FF00FF000000000
0FF00FF000000000
0FF00FF000000000
0FF00FF000000000
0FF00FF000000000
0FF00FF000000000
0FF0000000000000
0FF0000000000000
0FF0000000000000
0FF0000000000000
0FF0000000000000
0FF0000000000000
0FF0000000000000
0FF0000000000000
0FFFFF0000000000
0FFFFF0000000000
0FFFFF0000000000
0FFFFF0000000000
0FFFFF0000000000
0FFFFF0000000000
0FFFFF0000000000
0FFFFF0000000000
0FF00FF000000000
0FF00FF000000000
0FF00FF000000000
0FF00FF000000000
0FF00FF000000000
0FF00FF000000000
0FF00FF000000000
0FF00FF000000000
0FF00FF000000000
0FF00FF000000000
0FF00FF000000000
0FF00FF000000000
0FF00FF000000000
0FF00FF000000000
0FF00FF000000000
0FF00FF000000000
00FFFF0000000000
00FFFF0000000000
00FFFF0000000000
00FFFF0000000000
00FFFF0000000000
00FFFF0000000000
00FFFF0000000000
00FFFF0000000000
0000000000000000
0000000000000000
0000000000000000
0000000000000000
0000000000000000
0000000000000000
0000000000000000
0000000000000000
ENDCHAR
STARTCHAR U+0037
ENCODING 55
SWIDTH 3200 0
DWIDTH 32 0
BBX 32 64 0 0
BITMAP
0FFFFFF000000000
0FFFFFF000000000
0FFFFFF000000000
0FFFFFF000000000
0FFFFFF000000000
0FFFFFF000000000
0FFFFFF000000000
0FFFFFF000000000
0FF00FF000000000
0FF00FF000000000
0FF00FF000000000
0FF00FF000000000
0FF00FF000000000
0FF00FF000000000
0FF00FF000000000
0FF00FF000000000
0000FF0000000000
0000FF0000000000
0000FF0000000000
0000FF0000000000
0000FF0000000000
0000FF0000000000
0000FF0000000000
0000FF0000000000
000FF00000000000
000FF00000000000
000FF00000000000
000FF00000000000
000FF00000000000
000FF00000000000
000FF00000000000
000FF00000000000
000FF00000000000
000FF00000000000
000FF00000000000
000FF00000000000
000FF00000000000
000FF00000000000
000FF00000000000
000FF00000000000
000FF00000000000
000FF00000000000
000FF00000000000
000FF00000000000
000FF00000000000
000FF00000000000
000FF00000000000
000FF00000000000
000FF00000000000
000FF00000000000
000FF00000000000
000FF00000000000
000FF00000000000
000FF00000000000
000FF00000000000
000FF00000000000
0000000000000000
0000000000000000
0000000000000000
0000000000000000
0000000000000000
0000000000000000
0000000000000000
0000000000000000
ENDCHAR
STARTCHAR U+0038
ENCODING 56
SWIDTH 3200 0
DWIDTH 32 0
BBX 32 64 0 0
BITMAP
00FFFF0000000000
00FFFF0000000000
00FFFF0000000000
00FFFF0000000000
00FFFF0000000000
00FFFF0000000000
00FFFF0000000000
00FFFF0000000000
0FF00FF000000000
0FF00FF000000000
0FF00FF000000000
0FF00FF000000000
0FF00FF000000000
0FF00FF000000000
0FF00FF000000000
0FF00FF000000000
0FF00FF000000000
0FF00FF000000000
0FF00FF000000000
0FF00FF000000000
0FF00FF000000000
0FF00FF000000000
0FF00FF000000000
0FF00FF000000000
00FFFF0000000000
00FFFF0000000000
00FFFF0000000000
00FFFF0000000000
00FFFF0000000000
00FFFF0000000000
00FFFF0000000000
00FFFF0000000000
0FF00FF000000000
0FF00FF000000000
0FF00FF000000000
0FF00FF000000000
0FF00FF000000000
0FF00FF000000000
0FF00FF000000000
0FF00FF000000000
0FF00FF000000000
0FF00FF000000000
0FF00FF000000000
0FF00FF000000000
0FF00FF000000000
0FF00FF000000000
0FF00FF000000000
0FF00FF000000000
00FFFF0000000000
00FFFF0000000000
00FFFF0000000000
00FFFF0000000000
00FFFF0000000000
00FFFF0000000000
00FFFF0000000000
00FFFF0000000000
0000000000000000
0000000000000000
0000000000000000
0000000000000000
0000000000000000
0000000000000000
0000000000000000
0000000000000000
ENDCHAR
STARTCHAR U+0039
ENCODING 57
SWIDTH 3200 0
DWIDTH 32 0
BBX 32 64 0 0
BITMAP
00FFFF0000000000
00FFFF0000000000
00FFFF0000000000
00FFFF0000000000
00FFFF0000000000
00FFFF0000000000
00FFFF0000000000
00FFFF0000000000
0FF00FF000000000
0FF00FF000000000
0FF00FF000000000
0FF00FF000000000
0FF00FF000000000
0FF00FF000000000
0FF00FF000000000
0FF00FF000000000
0FF00FF000000000
0FF00FF000000000
0FF00FF000000000
0FF00FF000000000
0FF00FF000000000
0FF00FF000000000
0FF00FF000000000
0FF00FF000000000
00FFFFF000000000
00FFFFF000000000
00FFFFF000000000
00FFFFF000000000
00FFFFF000000000
00FFFFF000000000
00FFFFF000000000
00FFFFF000000000
00000FF000000000
00000FF000000000
00000FF000000000
00000FF000000000
00000FF000000000
00000FF000000000
00000FF000000000
00000FF000000000
0FF00FF000000000
0FF00FF000000000
0FF00FF000000000
0FF00FF000000000
0FF00FF000000000
0FF00FF000000000
0FF00FF000000000
0FF00FF000000000
00FFFF0000000000
00FFFF0000000000
00FFFF0000000000
00FFFF0000000000
00FFFF0000000000
00FFFF0000000000
00FFFF0000000000
00FFFF0000000000
0000000000000000
0000000000000000
0000000000000000
0000000000000000
0000000000000000
0000000000000000
0000000000000000
0000000000000000
ENDCHAR
STARTCHAR U+003A
ENCODING 58
SWIDTH 3200 0
DWIDTH 32 0
BBX 32 64 0 0
BITMAP
0000000000000000
0000000000000000
0000000000000000
0000000000000000
0000000000000000
0000000000000000
0000000000000000
0000000000000000
0000000000000000
0000000000000000
0000000000000000
0000000000000000
0000000000000000
0000000000000000
0000000000000000
0000000000000000
000FF00000000000
000FF00000000000
000FF00000000000
000FF00000000000
000FF00000000000
000FF00000000000
000FF00000000000
000FF00000000000
0000000000000000
0000000000000000
0000000000000000
0000000000000000
0000000000000000
0000000000000000
0000000000000000
0000000000000000
0000000000000000
0000000000000000
0000000000000000
0000000000000000
0000000000000000
0000000000000000
0000000000000000
0000000000000000
000FF00000000000
000FF00000000000
000FF00000000000
000FF00000000000
000FF00000000000
000FF00000000000
000FF00000000000
000FF00000000000
0000000000000000
0000000000000000
0000000000000000
0000000000000000
0000000000000000
0000000000000000
0000000000000000
0000000000000000
0000000000000000
0000000000000000
0000000000000000
0000000000000000
0000000000000000
0000000000000000
0000000000000000
0000000000000000
ENDCHAR
STARTCHAR U+003B
ENCODING 59
SWIDTH 3200 0
DWIDTH 32 0
BBX 32 64 0 0
BITMAP
0000000000000000
0000000000000000
0000000000000000
0000000000000000
0000000000000000
0000000000000000
0000000000000000
0000000000000000
0000000000000000
0000000000000000
0000000000000000
0000000000000000
0000000000000000
0000000000000000
0000000000000000
0000000000000000
000FF00000000000
000FF00000000000
000FF00000000000
000FF00000000000
000FF00000000000
000FF00000000000
000FF00000000000
000FF00000000000
0000000000000000
0000000000000000
0000000000000000
0000000000000000
0000000000000000
0000000000000000
0000000000000000
0000000000000000
0000000000000000
0000000000000000
0000000000000000
0000000000000000
0000000000000000
0000000000000000
0000000000000000
0000000000000000
000FF00000000000
000FF00000000000
000FF00000000000
000FF00000000000
000FF00000000000
000FF00000000000
000FF00000000000
000FF00000000000
000FF00000000000
000FF00000000000
000FF00000000000
000FF00000000000
000FF00000000000
000FF00000000000
000FF00000000000
000FF00000000000
00FF000000000000
00FF000000000000
00FF000000000000
00FF000000000000
00FF000000000000
00FF000000000000
00FF000000000000
00FF000000000000
ENDCHAR
STARTCHAR U+003C
ENCODING 60
SWIDTH 3200 0
DWIDTH 32 0
BBX 32 64 0 0
BITMAP
0000FFF000000000
0000FFF000000000
0000FFF000000000
0000FFF000000000
0000FFF000000000
0000FFF000000000
0000FFF000000000
0000FFF000000000
000FF00000000000
000FF00000000000
000FF00000000000
000FF00000000000
000FF00000000000
000FF00000000000
000FF00000000000
000FF00000000000
00FF000000000000
00FF000000000000
00FF000000000000
00FF000000000000
00FF000000000000
00FF000000000000
00FF000000000000
00FF000000000000
0FF0000000000000
0FF0000000000000
0FF0000000000000
0FF0000000000000
0FF0000000000000
0FF0000000000000
0FF0000000000000
0FF0000000000000
00FF000000000000
00FF000000000000
00FF000000000000
00FF000000000000
00FF000000000000
00FF000000000000
00FF000000000000
00FF000000000000
000FF00000000000
000FF00000000000
000FF00000000000
000FF00000000000
000FF00000000000
000FF00000000000
000FF00000000000
000FF00000000000
0000FFF000000000
0000FFF000000000
0000FFF000000000
0000FFF000000000
0000FFF000000000
0000FFF000000000
0000FFF000000000
0000FFF000000000
0000000000000000
0000000000000000
0000000000000000
0000000000000000
0000000000000000
0000000000000000
0000000000000000
0000000000000000
ENDCHAR
STARTCHAR U+003D
ENCODING 61
SWIDTH 3200 0
DWIDTH 32 0
BBX 32 64 0 0
BITMAP
0000000000000000
0000000000000000
0000000000000000
0000000000000000
0000000000000000
0000000000000000
0000000000000000
0000000000000000
0000000000000000
0000000000000000
0000000000000000
0000000000000000
0000000000000000
0000000000000000
0000000000000000
0000000000000000
0FFFFFF000000000
0FFFFFF000000000
0FFFFFF000000000
0FFFFFF000000000
0FFFFFF000000000
0FFFFFF000000000
0FFFFFF000000000
0FFFFFF000000000
0000000000000000
0000000000000000
0000000000000000
0000000000000000
0000000000000000
0000000000000000
0000000000000000
0000000000000000
0FFFFFF000000000
0FFFFFF000000000
0FFFFFF000000000
0FFFFFF000000000
0FFFFFF000000000
0FFFFFF000000000
0FFFFFF000000000
0FFFFFF000000000
0000000000000000
0000000000000000
0000000000000000
0000000000000000
0000000000000000
0000000000000000
0000000000000000
0000000000000000
0000000000000000
0000000000000000
0000000000000000
0000000000000000
0000000000000000
0000000000000000
0000000000000000
0000000000000000
0000000000000000
0000000000000000
0000000000000000
0000000000000000
0000000000000000
0000000000000000
0000000000000000
0000000000000000
ENDCHAR
STARTCHAR U+003E
ENCODING 62
SWIDTH 3200 0
DWIDTH 32 0
BBX 32 64 0 0
BITMAP
0FFF000000000000
0FFF000000000000
0FFF000000000000
0FFF000000000000
0FFF000000000000
0FFF000000000000
0FFF000000000000
0FFF000000000000
000FF00000000000
000FF00000000000
000FF00000000000
000FF00000000000
000FF00000000000
000FF00000000000
000FF00000000000
000FF00000000000
0000FF0000000000
0000FF0000000000
0000FF0000000000
0000FF0000000000
0000FF0000000000
0000FF0000000000
0000FF0000000000
0000FF0000000000
00000FF000000000
00000FF000000000
00000FF000000000
00000FF000000000
00000FF000000000
00000FF000000000
00000FF000000000
00000FF000000000
0000FF0000000000
0000FF0000000000
0000FF0000000000
0000FF0000000000
0000FF0000000000
0000FF0000000000
0000FF0000000000
0000FF0000000000
000FF00000000000
000FF00000000000
000FF00000000000
000FF00000000000
000FF00000000000
000FF00000000000
000FF00000000000
000FF00000000000
0FFF000000000000
0FFF000000000000
0FFF000000000000
0FFF000000000000
0FFF000000000000
0FFF000000000000
0FFF000000000000
0FFF000000000000
0000000000000000
0000000000000000
0000000000000000
0000000000000000
0000000000000000
0000000000000000
0000000000000000
0000000000000000
ENDCHAR
STARTCHAR U+003F
ENCODING 63
SWIDTH 3200 0
DWIDTH 32 0
BBX 32 64 0 0
BITMAP
00FFFF0000000000
00FFFF0000000000
00FFFF0000000000
00FFFF0000000000
00FFFF0000000000
00FFFF0000000000
00FFFF0000000000
00FFFF0000000000
0FF00FF000000000
0FF00FF000000000
0FF00FF000000000
0FF00FF000000000
0FF00FF000000000
0FF00FF000000000
0FF00FF000000000
0FF00FF000000000
00000FF000000000
00000FF000000000
00000FF000000000
00000FF000000000
00000FF000000000
00000FF000000000
00000FF000000000
00000FF000000000
0000FF0000000000
0000FF0000000000
0000FF0000000000
0000FF0000000000
0000FF0000000000
0000FF0000000000
0000FF0000000000
0000FF0000000000
000FF00000000000
000FF00000000000
000FF00000000000
000FF00000000000
000FF00000000000
000FF00000000000
000FF00000000000
000FF00000000000
0000000000000000
0000000000000000
0000000000000000
0000000000000000
0000000000000000
0000000000000000
0000000000000000
0000000000000000
000FF00000000000
000FF00000000000
000FF00000000000
000FF00000000000
000FF00000000000
000FF00000000000
000FF00000000000
000FF00000000000
0000000000000000
0000000000000000
0000000000000000
0000000000000000
0000000000000000
0000000000000000
0000000000000000
0000000000000000
ENDCHAR
STARTCHAR U+0040
ENCODING 64
SWIDTH 3200 0
DWIDTH 32 0
BBX 32 64 0 0
BITMAP
00FFFF0000000000
00FFFF0000000000
00FFFF0000000000
00FFFF0000000000
00FFFF0000000000
00FFFF0000000000
00FFFF0000000000
00FFFF0000000000
0FF00FF000000000
0FF00FF000000000
0FF00FF000000000
0FF00FF000000000
0FF00FF000000000
0FF00FF000000000
0FF00FF000000000
0FF00FF000000000
0FF0FFF000000000
0FF0FFF000000000
0FF0FFF000000000
0FF0FFF000000000
0FF0FFF000000000
0FF0FFF000000000
0FF0FFF000000000
0FF0FFF000000000
0FF0FFF000000000
0FF0FFF000000000
0FF0FFF000000000
0FF0FFF000000000
0FF0FFF000000000
0FF0FFF000000000
0FF0FFF000000000
0FF0FFF000000000
0FF0000000000000
0FF0000000000000
0FF0000000000000
0FF0000000000000
0FF0000000000000
0FF0000000000000
0FF0000000000000
0FF0000000000000
0FF000F000000000
0FF000F000000000
0FF000F000000000
0FF000F000000000
0FF000F000000000
0FF000F000000000
0FF000F000000000
0FF000F000000000
00FFFF0000000000
00FFFF0000000000
00FFFF0000000000
00FFFF0000000000
00FFFF0000000000
00FFFF0000000000
00FFFF0000000000
00FFFF0000000000
0000000000000000
0000000000000000
0000000000000000
0000000000000000
0000000000000000
0000000000000000
0000000000000000
0000000000000000
ENDCHAR
STARTCHAR U+0041
ENCODING 65
SWIDTH 3200 0
DWIDTH 32 0
BBX 32 64 0 0
BITMAP
000FF00000000000
000FF00000000000
000FF00000000000
000FF00000000000
000FF00000000000
000FF00000000000
000FF00000000000
000FF00000000000
00FFFF0000000000
00FFFF0000000000
00FFFF0000000000
00FFFF0000000000
00FFFF0000000000
00FFFF0000000000
00FFFF0000000000
00FFFF0000000000
0FF00FF000000000
0FF00FF000000000
0FF00FF000000000
0FF00FF000000000
0FF00FF000000000
0FF00FF000000000
0FF00FF000000000
0FF00FF000000000
0FFFFFF000000000
0FFFFFF000000000
0FFFFFF000000000
0FFFFFF000000000
0FFFFFF000000000
0FFFFFF000000000
0FFFFFF000000000
0FFFFFF000000000
0FF00FF000000000
0FF00FF000000000
0FF00FF000000000
0FF00FF000000000
0FF00FF000000000
0FF00FF000000000
0FF00FF000000000
0FF00FF000000000
0FF00FF000000000
0FF00FF000000000
0FF00FF000000000
0FF00FF000000000
0FF00FF000000000
0FF00FF000000000
0FF00FF000000000
0FF00FF000000000
0FF00FF000000000
0FF00FF000000000
0FF00FF000000000
0FF00FF000000000
0FF00FF000000000
0FF00FF000000000
0FF00FF000000000
0FF00FF000000000
0000000000000000
0000000000000000
0000000000000000
0000000000000000
0000000000000000
0000000000000000
0000000000000000
0000000000000000
ENDCHAR
STARTCHAR U+0042
ENCODING 66
SWIDTH 3200 0
DWIDTH 32 0
BBX 32 64 0 0
BITMAP
0FFFFF0000000000
0FFFFF0000000000
0FFFFF0000000000
0FFFFF0000000000
0FFFFF0000000000
0FFFFF0000000000
0FFFFF0000000000
0FFFFF0000000000
0FF00FF000000000
0FF00FF000000000
0FF00FF000000000
0FF00FF000000000
0FF00FF000000000
0FF00FF000000000
0FF00FF000000000
0FF00FF000000000
0FF00FF000000000
0FF00FF000000000
0FF00FF000000000
0FF00FF000000000
0FF00FF000000000
0FF00FF000000000
0FF00FF000000000
0FF00FF000000000
0FFFFF0000000000
0FFFFF0000000000
0FFFFF0000000000
0FFFFF0000000000
0FFFFF0000000000
0FFFFF0000000000
0FFFFF0000000000
0FFFFF0000000000
0FF00FF000000000
0FF00FF000000000
0FF00FF000000000
0FF00FF000000000
0FF00FF000000000
0FF00FF000000000
0FF00FF000000000
0FF00FF000000000
0FF00FF000000000
0FF00FF000000000
0FF00FF000000000
0FF00FF000000000
0FF00FF000000000
0FF00FF000000000
0FF00FF000000000
0FF00FF000000000
0FFFFF0000000000
0FFFFF0000000000
0FFFFF0000000000
0FFFFF0000000000
0FFFFF0000000000
0FFFFF0000000000
0FFFFF0000000000
0FFFFF0000000000
0000000000000000
0000000000000000
0000000000000000
0000000000000000
0000000000000000
0000000000000000
0000000000000000
0000000000000000
ENDCHAR
STARTCHAR U+0043
ENCODING 67
SWIDTH 3200 0
DWIDTH 32 0
BBX 32 64 0 0
BITMAP
00FFFF0000000000
00FFFF0000000000
00FFFF0000000000
00FFFF0000000000
00FFFF0000000000
00FFFF0000000000
00FFFF0000000000
00FFFF0000000000
0FF00FF000000000
0FF00FF000000000
0FF00FF000000000
0FF00FF000000000
0FF00FF000000000
0FF00FF000000000
0FF00FF000000000
0FF00FF000000000
0FF0000000000000
0FF0000000000000
0FF0000000000000
0FF0000000000000
0FF0000000000000
0FF0000000000000
0FF0000000000000
0FF0000000000000
0FF0000000000000
0FF0000000000000
0FF0000000000000
0FF0000000000000
0FF0000000000000
0FF0000000000000
0FF0000000000000
0FF0000000000000
0FF0000000000000
0FF0000000000000
0FF0000000000000
0FF0000000000000
0FF0000000000000
0FF0000000000000
0FF0000000000000
0FF0000000000000
0FF00FF000000000
0FF00FF000000000
0FF00FF000000000
0FF00FF000000000
0FF00FF000000000
0FF00FF000000000
0FF00FF000000000
0FF00FF000000000
00FFFF0000000000
00FFFF0000000000
00FFFF0000000000
00FFFF0000000000
00FFFF0000000000
00FFFF0000000000
00FFFF0000000000
00FFFF0000000000
0000000000000000
0000000000000000
0000000000000000
0000000000000000
0000000000000000
0000000000000000
0000000000000000
0000000000000000
ENDCHAR
STARTCHAR U+0044
ENCODING 68
SWIDTH 3200 0
DWIDTH 32 0
BBX 32 64 0 0
BITMAP
0FFFF00000000000
0FFFF00000000000
0FFFF00000000000
0FFFF00000000000
0FFFF00000000000
0FFFF00000000000
0FFFF00000000000
0FFFF00000000000
0FF0FF0000000000
0FF0FF0000000000
0FF0FF0000000000
0FF0FF0000000000
0FF0FF0000000000
0FF0FF0000000000
0FF0FF0000000000
0FF0FF0000000000
0FF00FF000000000
0FF00FF000000000
0FF00FF000000000
0FF00FF000000000
0FF00FF000000000
0FF00FF000000000
0FF00FF000000000
0FF00FF000000000
0FF00FF000000000
0FF00FF000000000
0FF00FF000000000
0FF00FF000000000
0FF00FF000000000
0FF00FF000000000
0FF00FF000000000
0FF00FF000000000
0FF00FF000000000
0FF00FF000000000
0FF00FF000000000
0FF00FF000000000
0FF00FF000000000
0FF00FF000000000
0FF00FF000000000
0FF00FF000000000
0FF0FF0000000000
0FF0FF0000000000
0FF0FF0000000000
0FF0FF0000000000
0FF0FF0000000000
0FF0FF0000000000
0FF0FF0000000000
0FF0FF0000000000
0FFFF00000000000
0FFFF00000000000
0FFFF00000000000
0FFFF00000000000
0FFFF00000000000
0FFFF00000000000
0FFFF00000000000
0FFFF00000000000
0000000000000000
0000000000000000
0000000000000000
0000000000000000
0000000000000000
0000000000000000
0000000000000000
0000000000000000
ENDCHAR
STARTCHAR U+0045
ENCODING 69
SWIDTH 3200 0
DWIDTH 32 0
BBX 32 64 0 0
BITMAP
0FFFFFF000000000
0FFFFFF000000000
0FFFFFF000000000
0FFFFFF000000000
0FFFFFF000000000
0FFFFFF000000000
0FFFFFF000000000
0FFFFFF000000000
0FF0000000000000
0FF0000000000000
0FF0000000000000
0FF0000000000000
0FF0000000000000
0FF0000000000000
0FF0000000000000
0FF0000000000000
0FF0000000000000
0FF0000000000000
0FF0000000000000
0FF0000000000000
0FF0000000000000
0FF0000000000000
0FF0000000000000
0FF0000000000000
0FFFF00000000000
0FFFF00000000000
0FFFF00000000000
0FFFF00000000000
0FFFF00000000000
0FFFF00000000000
0FFFF00000000000
0FFFF00000000000
0FF0000000000000
0FF0000000000000
0FF0000000000000
0FF0000000000000
0FF0000000000000
0FF0000000000000
0FF0000000000000
0FF0000000000000
0FF0000000000000
0FF0000000000000
0FF0000000000000
0FF0000000000000
0FF0000000000000
0FF0000000000000
0FF0000000000000
0FF0000000000000
0FFFFFF000000000
0FFFFFF000000000
0FFFFFF000000000
0FFFFFF000000000
0FFFFFF000000000
0FFFFFF000000000
0FFFFFF000000000
0FFFFFF000000000
0000000000000000
0000000000000000
0000000000000000
0000000000000000
0000000000000000
0000000000000000
0000000000000000
0000000000000000
ENDCHAR
STARTCHAR U+0046
ENCODING 70
SWIDTH 3200 0
DWIDTH 32 0
BBX 32 64 0 0
BITMAP
0FFFFFF000000000
0FFFFFF000000000
0FFFFFF000000000
0FFFFFF000000000
0FFFFFF000000000
0FFFFFF000000000
0FFFFFF000000000
0FFFFFF000000000
0FF0000000000000
0FF0000000000000
0FF0000000000000
0FF0000000000000
0FF0000000000000
0FF0000000000000
0FF0000000000000
0FF0000000000000
0FF0000000000000
0FF0000000000000
0FF0000000000000
0FF0000000000000
0FF0000000000000
0FF0000000000000
0FF0000000000000
0FF0000000000000
0FFFF00000000000
0FFFF00000000000
0FFFF00000000000
0FFFF00000000000
0FFFF00000000000
0FFFF00000000000
0FFFF00000000000
0FFFF00000000000
0FF0000000000000
0FF0000000000000
0FF0000000000000
0FF0000000000000
0FF0000000000000
0FF0000000000000
0FF0000000000000
0FF0000000000000
0FF0000000000000
0FF0000000000000
0FF0000000000000
0FF0000000000000
0FF0000000000000
0FF0000000000000
0FF0000000000000
0FF0000000000000
0FF0000000000000
0FF0000000000000
0FF0000000000000
0FF0000000000000
0FF0000000000000
0FF0000000000000
0FF0000000000000
0FF0000000000000
0000000000000000
0000000000000000
0000000000000000
0000000000000000
0000000000000000
0000000000000000
0000000000000000
0000000000000000
ENDCHAR
STARTCHAR U+0047
ENCODING 71
SWIDTH 3200 0
DWIDTH 32 0
BBX 32 64 0 0
BITMAP
00FFFF0000000000
00FFFF0000000000
00FFFF0000000000
00FFFF0000000000
00FFFF0000000000
00FFFF0000000000
00FFFF0000000000
00FFFF0000000000
0FF00FF000000000
0FF00FF000000000
0FF00FF000000000
0FF00FF000000000
0FF00FF000000000
0FF00FF000000000
0FF00FF000000000
0FF00FF000000000
0FF0000000000000
0FF0000000000000
0FF0000000000000
0FF0000000000000
0FF0000000000000
0FF0000000000000
0FF0000000000000
0FF0000000000000
0FF0FFF000000000
0FF0FFF000000000
0FF0FFF000000000
0FF0FFF000000000
0FF0FFF000000000
0FF0FFF000000000
0FF0FFF000000000
0FF0FFF000000000
0FF00FF000000000
0FF00FF000000000
0FF00FF000000000
0FF00FF000000000
0FF00FF000000000
0FF00FF000000000
0FF00FF000000000
0FF00FF000000000
0FF00FF000000000
0FF00FF000000000
0FF00FF000000000
0FF00FF000000000
0FF00FF000000000
0FF00FF000000000
0FF00FF000000000
0FF00FF000000000
00FFFF0000000000
00FFFF0000000000
00FFFF0000000000
00FFFF0000000000
00FFFF0000000000
00FFFF0000000000
00FFFF0000000000
00FFFF0000000000
0000000000000000
0000000000000000
0000000000000000
0000000000000000
0000000000000000
0000000000000000
0000000000000000
0000000000000000
ENDCHAR
STARTCHAR U+0048
ENCODING 72
SWIDTH 3200 0
DWIDTH 32 0
BBX 32 64 0 0
BITMAP
0FF00FF000000000
0FF00FF000000000
0FF00FF000000000
0FF00FF000000000
0FF00FF000000000
0FF00FF000000000
0FF00FF000000000
0FF00FF000000000
0FF00FF000000000
0FF00FF000000000
0FF00FF000000000
0FF00FF000000000
0FF00FF000000000
0FF00FF000000000
0FF00FF000000000
0FF00FF000000000
0FF00FF000000000
0FF00FF000000000
0FF00FF000000000
0FF00FF000000000
0FF00FF000000000
0FF00FF000000000
0FF00FF000000000
0FF00FF000000000
0FFFFFF000000000
0FFFFFF000000000
0FFFFFF000000000
0FFFFFF000000000
0FFFFFF000000000
0FFFFFF000000000
0FFFFFF000000000
0FFFFFF000000000
0FF00FF000000000
0FF00FF000000000
0FF00FF000000000
0FF00FF000000000
0FF00FF000000000
0FF00FF000000000
0FF00FF000000000
0FF00FF000000000
0FF00FF000000000
0FF00FF000000000
0FF00FF000000000
0FF00FF000000000
0FF00FF000000000
0FF00FF000000000
0FF00FF000000000
0FF00FF000000000
0FF00FF000000000
0FF00FF000000000
0FF00FF000000000
0FF00FF000000000
0FF00FF000000000
0FF00FF000000000
0FF00FF000000000
0FF00FF000000000
0000000000000000
0000000000000000
0000000000000000
0000000000000000
0000000000000000
0000000000000000
0000000000000000
0000000000000000
ENDCHAR
STARTCHAR U+0049
ENCODING 73
SWIDTH 3200 0
DWIDTH 32 0
BBX 32 64 0 0
BITMAP
00FFFF0000000000
00FFFF0000000000
00FFFF0000000000
00FFFF0000000000
00FFFF0000000000
00FFFF0000000000
00FFFF0000000000
00FFFF0000000000
000FF00000000000
000FF00000000000
000FF00000000000
000FF00000000000
000FF00000000000
000FF00000000000
000FF00000000000
000FF00000000000
000FF00000000000
000FF00000000000
000FF00000000000
000FF00000000000
000FF00000000000
000FF00000000000
000FF00000000000
000FF00000000000
000FF00000000000
000FF00000000000
000FF00000000000
000FF00000000000
000FF00000000000
000FF00000000000
000FF00000000000
000FF00000000000
000FF00000000000
000FF00000000000
000FF00000000000
000FF00000000000
000FF00000000000
000FF00000000000
000FF00000000000
000FF00000000000
000FF00000000000
000FF00000000000
000FF00000000000
000FF00000000000
000FF00000000000
000FF00000000000
000FF00000000000
000FF00000000000
00FFFF0000000000
00FFFF0000000000
00FFFF0000000000
00FFFF0000000000
00FFFF0000000000
00FFFF0000000000
00FFFF0000000000
00FFFF0000000000
0000000000000000
0000000000000000
0000000000000000
0000000000000000
0000000000000000
0000000000000000
0000000000000000
0000000000000000
ENDCHAR
STARTCHAR U+004A
ENCODING 74
SWIDTH 3200 0
DWIDTH 32 0
BBX 32 64 0 0
BITMAP
000FFFF000000000
000FFFF000000000
000FFFF000000000
000FFFF000000000
000FFFF000000000
000FFFF000000000
000FFFF000000000
000FFFF000000000
0000FF0000000000
0000FF0000000000
0000FF0000000000
0000FF0000000000
0000FF0000000000
0000FF0000000000
0000FF0000000000
0000FF0000000000
0000FF0000000000
0000FF0000000000
0000FF0000000000
0000FF0000000000
0000FF0000000000
0000FF0000000000
0000FF0000000000
0000FF0000000000
0000FF0000000000
0000FF0000000000
0000FF0000000000
0000FF0000000000
0000FF0000000000
0000FF0000000000
0000FF0000000000
0000FF0000000000
0000FF0000000000
0000FF0000000000
0000FF0000000000
0000FF0000000000
0000FF0000000000
0000FF0000000000
0000FF0000000000
0000FF0000000000
0FF0FF0000000000
0FF0FF0000000000
0FF0FF0000000000
0FF0FF0000000000
0FF0FF0000000000
0FF0FF0000000000
0FF0FF0000000000
0FF0FF0000000000
00FFF00000000000
00FFF00000000000
00FFF00000000000
00FFF00000000000
00FFF00000000000
00FFF00000000000
00FFF00000000000
00FFF00000000000
0000000000000000
0000000000000000
0000000000000000
0000000000000000
0000000000000000
0000000000000000
0000000000000000
0000000000000000
ENDCHAR
STARTCHAR U+004B
ENCODING 75
SWIDTH 3200 0
DWIDTH 32 0
BBX 32 64 0 0
BITMAP
0FF00FF000000000
0FF00FF000000000
0FF00FF000000000
0FF00FF000000000
0FF00FF000000000
0FF00FF000000000
0FF00FF000000000
0FF00FF000000000
0FF0FF0000000000
0FF0FF0000000000
0FF0FF0000000000
0FF0FF0000000000
0FF0FF0000000000
0FF0FF0000000000
0FF0FF0000000000
0FF0FF0000000000
0FFFF00000000000
0FFFF00000000000
0FFFF00000000000
0FFFF00000000000
0FFFF00000000000
0FFFF00000000000
0FFFF00000000000
0FFFF00000000000
0FFF000000000000
0FFF000000000000
0FFF000000000000
0FFF000000000000
0FFF000000000000
0FFF000000000000
0FFF000000000000
0FFF000000000000
0FFFF00000000000
0FFFF00000000000
0FFFF00000000000
0FFFF00000000000
0FFFF00000000000
0FFFF00000000000
0FFFF00000000000
0FFFF00000000000
0FF0FF0000000000
0FF0FF0000000000
0FF0FF0000000000
0FF0FF0000000000
0FF0FF0000000000
0FF0FF0000000000
0FF0FF0000000000
0FF0FF0000000000
0FF00FF000000000
0FF00FF000000000
0FF00FF000000000
0FF00FF000000000
0FF00FF000000000
0FF00FF000000000
0FF00FF000000000
0FF00FF000000000
0000000000000000
0000000000000000
0000000000000000
0000000000000000
0000000000000000
0000000000000000
0000000000000000
0000000000000000
ENDCHAR
STARTCHAR U+004C
ENCODING 76
SWIDTH 3200 0
DWIDTH 32 0
BBX 32 64 0 0
BITMAP
0FF0000000000000
0FF0000000000000
0FF0000000000000
0FF0000000000000
0FF0000000000000
0FF0000000000000
0FF0000000000000
0FF0000000000000
0FF0000000000000
0FF0000000000000
0FF0000000000000
0FF0000000000000
0FF0000000000000
0FF0000000000000
0FF0000000000000
0FF0000000000000
0FF0000000000000
0FF0000000000000
0FF0000000000000
0FF0000000000000
0FF0000000000000
0FF0000000000000
0FF0000000000000
0FF0000000000000
0FF0000000000000
0FF0000000000000
0FF0000000000000
0FF0000000000000
0FF0000000000000
0FF0000000000000
0FF0000000000000
0FF0000000000000
0FF0000000000000
0FF0000000000000
0FF0000000000000
0FF0000000000000
0FF0000000000000
0FF0000000000000
0FF0000000000000
0FF0000000000000
0FF0000000000000
0FF0000000000000
0FF0000000000000
0FF0000000000000
0FF0000000000000
0FF0000000000000
0FF0000000000000
0FF0000000000000
0FFFFFF000000000
0FFFFFF000000000
0FFFFFF000000000
0FFFFFF000000000
0FFFFFF000000000
0FFFFFF000000000
0FFFFFF000000000
0FFFFFF000000000
0000000000000000
0000000000000000
0000000000000000
0000000000000000
0000000000000000
0000000000000000
0000000000000000
0000000000000000
ENDCHAR
STARTCHAR U+004D
ENCODING 77
SWIDTH 3200 0
DWIDTH 32 0
BBX 32 64 0 0
BITMAP
0FF000FF00000000
0FF000FF00000000
0FF000FF00000000
0FF000FF00000000
0FF000FF00000000
0FF000FF00000000
0FF000FF00000000
0FF000FF00000000
0FFF0FFF00000000
0FFF0FFF00000000
0FFF0FFF00000000
0FFF0FFF00000000
0FFF0FFF00000000
0FFF0FFF00000000
0FFF0FFF00000000
0FFF0FFF00000000
0FFFFFFF00000000
0FFFFFFF00000000
0FFFFFFF00000000
0FFFFFFF00000000
0FFFFFFF00000000
0FFFFFFF00000000
0FFFFFFF00000000
0FFFFFFF00000000
0FF0F0FF00000000
0FF0F0FF00000000
0FF0F0FF00000000
0FF0F0FF00000000
0FF0F0FF00000000
0FF0F0FF00000000
0FF0F0FF00000000
0FF0F0FF00000000
0FF000FF00000000
0FF000FF00000000
0FF000FF00000000
0FF000FF00000000
0FF000FF00000000
0FF000FF00000000
0FF000FF00000000
0FF000FF00000000
0FF000FF00000000
0FF000FF00000000
0FF000FF00000000
0FF000FF00000000
0FF000FF00000000
0FF000FF00000000
0FF000FF00000000
0FF000FF00000000
0FF000FF00000000
0FF000FF00000000
0FF000FF00000000
0FF000FF00000000
0FF000FF00000000
0FF000FF00000000
0FF000FF00000000
0FF000FF00000000
0000000000000000
0000000000000000
0000000000000000
0000000000000000
0000000000000000
0000000000000000
0000000000000000
0000000000000000
ENDCHAR
STARTCHAR U+004E
ENCODING 78
SWIDTH 3200 0
DWIDTH 32 0
BBX 32 64 0 0
BITMAP
0FF00FF000000000
0FF00FF000000000
0FF00FF000000000
0FF00FF000000000
0FF00FF000000000
0FF00FF000000000
0FF00FF000000000
0FF00FF000000000
0FFF0FF000000000
0FFF0FF000000000
0FFF0FF000000000
0FFF0FF000000000
0FFF0FF000000000
0FFF0FF000000000
0FFF0FF000000000
0FFF0FF000000000
0FFFFFF000000000
0FFFFFF000000000
0FFFFFF000000000
0FFFFFF000000000
0FFFFFF000000000
0FFFFFF000000000
0FFFFFF000000000
0FFFFFF000000000
0FFFFFF000000000
0FFFFFF000000000
0FFFFFF000000000
0FFFFFF000000000
0FFFFFF000000000
0FFFFFF000000000
0FFFFFF000000000
0FFFFFF000000000
0FF0FFF000000000
0FF0FFF000000000
0FF0FFF000000000
0FF0FFF000000000
0FF0FFF000000000
0FF0FFF000000000
0FF0FFF000000000
0FF0FFF000000000
0FF00FF000000000
0FF00FF000000000
0FF00FF000000000
0FF00FF000000000
0FF00FF000000000
0FF00FF000000000
0FF00FF000000000
0FF00FF000000000
0FF00FF000000000
0FF00FF000000000
0FF00FF000000000
0FF00FF000000000
0FF00FF000000000
0FF00FF000000000
0FF00FF000000000
0FF00FF000000000
0000000000000000
0000000000000000
0000000000000000
0000000000000000
0000000000000000
0000000000000000
0000000000000000
0000000000000000
ENDCHAR
STARTCHAR U+004F
ENCODING 79
SWIDTH 3200 0
DWIDTH 32 0
BBX 32 64 0 0
BITMAP
00FFFF0000000000
00FFFF0000000000
00FFFF0000000000
00FFFF0000000000
00FFFF0000000000
00FFFF0000000000
00FFFF0000000000
00FFFF0000000000
0FF00FF000000000
0FF00FF000000000
0FF00FF000000000
0FF00FF000000000
0FF00FF000000000
0FF00FF000000000
0FF00FF000000000
0FF00FF000000000
0FF00FF000000000
0FF00FF000000000
0FF00FF000000000
0FF00FF000000000
0FF00FF000000000
0FF00FF000000000
0FF00FF000000000
0FF00FF000000000
0FF00FF000000000
0FF00FF000000000
0FF00FF000000000
0FF00FF000000000
0FF00FF000000000
0FF00FF000000000
0FF00FF000000000
0FF00FF000000000
0FF00FF000000000
0FF00FF000000000
0FF00FF000000000
0FF00FF000000000
0FF00FF000000000
0FF00FF000000000
0FF00FF000000000
0FF00FF000000000
0FF00FF000000000
0FF00FF000000000
0FF00FF000000000
0FF00FF000000000
0FF00FF000000000
0FF00FF000000000
0FF00FF000000000
0FF00FF000000000
00FFFF0000000000
00FFFF0000000000
00FFFF0000000000
00FFFF0000000000
00FFFF0000000000
00FFFF0000000000
00FFFF0000000000
00FFFF0000000000
0000000000000000
0000000000000000
0000000000000000
0000000000000000
0000000000000000
0000000000000000
0000000000000000
0000000000000000
ENDCHAR
STARTCHAR U+0050
ENCODING 80
SWIDTH 3200 0
DWIDTH 32 0
BBX 32 64 0 0
BITMAP
0FFFFF0000000000
0FFFFF0000000000
0FFFFF0000000000
0FFFFF0000000000
0FFFFF0000000000
0FFFFF0000000000
0FFFFF0000000000
0FFFFF0000000000
0FF00FF000000000
0FF00FF000000000
0FF00FF000000000
0FF00FF000000000
0FF00FF000000000
0FF00FF000000000
0FF00FF000000000
0FF00FF000000000
0FF00FF000000000
0FF00FF000000000
0FF00FF000000000
0FF00FF000000000
0FF00FF000000000
0FF00FF000000000
0FF00FF000000000
0FF00FF000000000
0FFFFF0000000000
0FFFFF0000000000
0FFFFF0000000000
0FFFFF0000000000
0FFFFF0000000000
0FFFFF0000000000
0FFFFF0000000000
0FFFFF0000000000
0FF0000000000000
0FF0000000000000
0FF0000000000000
0FF0000000000000
0FF0000000000000
0FF0000000000000
0FF0000000000000
0FF0000000000000
0FF0000000000000
0FF0000000000000
0FF0000000000000
0FF0000000000000
0FF0000000000000
0FF0000000000000
0FF0000000000000
0FF0000000000000
0FF0000000000000
0FF0000000000000
0FF0000000000000
0FF0000000000000
0FF0000000000000
0FF0000000000000
0FF0000000000000
0FF0000000000000
0000000000000000
0000000000000000
0000000000000000
0000000000000000
0000000000000000
0000000000000000
0000000000000000
0000000000000000
ENDCHAR
STARTCHAR U+0051
ENCODING 81
SWIDTH 3200 0
DWIDTH 32 0
BBX 32 64 0 0
BITMAP
00FFFF0000000000
00FFFF0000000000
00FFFF0000000000
00FFFF0000000000
00FFFF0000000000
00FFFF0000000000
00FFFF0000000000
00FFFF0000000000
0FF00FF000000000
0FF00FF000000000
0FF00FF000000000
0FF00FF000000000
0FF00FF000000000
0FF00FF000000000
0FF00FF000000000
0FF00FF000000000
0FF00FF000000000
0FF00FF000000000
0FF00FF000000000
0FF00FF000000000
0FF00FF000000000
0FF00FF000000000
0FF00FF000000000
0FF00FF000000000
0FF00FF000000000
0FF00FF000000000
0FF00FF000000000
0FF00FF000000000
0FF00FF000000000
0FF00FF000000000
0FF00FF000000000
0FF00FF000000000
0FF00FF000000000
0FF00FF000000000
0FF00FF000000000
0FF00FF000000000
0FF00FF000000000
0FF00FF000000000
0FF00FF000000000
0FF00FF000000000
00FFFF0000000000
00FFFF0000000000
00FFFF0000000000
00FFFF0000000000
00FFFF0000000000
00FFFF0000000000
00FFFF0000000000
00FFFF0000000000
0000FFF000000000
0000FFF000000000
0000FFF000000000
0000FFF000000000
0000FFF000000000
0000FFF000000000
0000FFF000000000
0000FFF000000000
0000000000000000
0000000000000000
0000000000000000
0000000000000000
0000000000000000
0000000000000000
0000000000000000
0000000000000000
ENDCHAR
STARTCHAR U+0052
ENCODING 82
SWIDTH 3200 0
DWIDTH 32 0
BBX 32 64 0 0
BITMAP
0FFFFF0000000000
0FFFFF0000000000
0FFFFF0000000000
0FFFFF0000000000
0FFFFF0000000000
0FFFFF0000000000
0FFFFF0000000000
0FFFFF0000000000
0FF00FF000000000
0FF00FF000000000
0FF00FF000000000
0FF00FF000000000
0FF00FF000000000
0FF00FF000000000
0FF00FF000000000
0FF00FF000000000
0FF00FF000000000
0FF00FF000000000
0FF00FF000000000
0FF00FF000000000
0FF00FF000000000
0FF00FF000000000
0FF00FF000000000
0FF00FF000000000
0FFFFF0000000000
0FFFFF0000000000
0FFFFF0000000000
0FFFFF0000000000
0FFFFF0000000000
0FFFFF0000000000
0FFFFF0000000000
0FFFFF0000000000
0FFFF00000000000
0FFFF00000000000
0FFFF00000000000
0FFFF00000000000
0FFFF00000000000
0FFFF00000000000
0FFFF00000000000
0FFFF00000000000
0FF0FF0000000000
0FF0FF0000000000
0FF0FF0000000000
0FF0FF0000000000
0FF0FF0000000000
0FF0FF0000000000
0FF0FF0000000000
0FF0FF0000000000
0FF00FF000000000
0FF00FF000000000
0FF00FF000000000
0FF00FF000000000
0FF00FF000000000
0FF00FF000000000
0FF00FF000000000
0FF00FF000000000
0000000000000000
0000000000000000
0000000000000000
0000000000000000
0000000000000000
0000000000000000
0000000000000000
0000000000000000
ENDCHAR
STARTCHAR U+0053
ENCODING 83
SWIDTH 3200 0
DWIDTH 32 0
BBX 32 64 0 0
BITMAP
00FFFF0000000000
00FFFF0000000000
00FFFF0000000000
00FFFF0000000000
00FFFF0000000000
00FFFF0000000000
00FFFF0000000000
00FFFF0000000000
0FF00FF000000000
0FF00FF000000000
0FF00FF000000000
0FF00FF000000000
0FF00FF000000000
0FF00FF000000000
0FF00FF000000000
0FF00FF000000000
0FF0000000000000
0FF0000000000000
0FF0000000000000
0FF0000000000000
0FF0000000000000
0FF0000000000000
0FF0000000000000
0FF0000000000000
00FFFF0000000000
00FFFF0000000000
00FFFF0000000000
00FFFF0000000000
00FFFF0000000000
00FFFF0000000000
00FFFF0000000000
00FFFF0000000000
00000FF000000000
00000FF000000000
00000FF000000000
00000FF000000000
00000FF000000000
00000FF000000000
00000FF000000000
00000FF000000000
0FF00FF000000000
0FF00FF000000000
0FF00FF000000000
0FF00FF000000000
0FF00FF000000000
0FF00FF000000000
0FF00FF000000000
0FF00FF000000000
00FFFF0000000000
00FFFF0000000000
00FFFF0000000000
00FFFF0000000000
00FFFF0000000000
00FFFF0000000000
00FFFF0000000000
00FFFF0000000000
0000000000000000
0000000000000000
0000000000000000
0000000000000000
0000000000000000
0000000000000000
0000000000000000
0000000000000000
ENDCHAR
STARTCHAR U+0054
ENCODING 84
SWIDTH 3200 0
DWIDTH 32 0
BBX 32 64 0 0
BITMAP
0FFFFFF000000000
0FFFFFF000000000
0FFFFFF000000000
0FFFFFF000000000
0FFFFFF000000000
0FFFFFF000000000
0FFFFFF000000000
0FFFFFF000000000
000FF00000000000
000FF00000000000
000FF00000000000
000FF00000000000
000FF00000000000
000FF00000000000
000FF00000000000
000FF00000000000
000FF00000000000
000FF00000000000
000FF00000000000
000FF00000000000
000FF00000000000
000FF00000000000
000FF00000000000
000FF00000000000
000FF00000000000
000FF00000000000
000FF00000000000
000FF00000000000
000FF00000000000
000FF00000000000
000FF00000000000
000FF00000000000
000FF00000000000
000FF00000000000
000FF00000000000
000FF00000000000
000FF00000000000
000FF00000000000
000FF00000000000
000FF00000000000
000FF00000000000
000FF00000000000
000FF00000000000
000FF00000000000
000FF00000000000
000FF00000000000
000FF00000000000
000FF00000000000
000FF00000000000
000FF00000000000
000FF00000000000
000FF00000000000
000FF00000000000
000FF00000000000
000FF00000000000
000FF00000000000
0000000000000000
0000000000000000
0000000000000000
0000000000000000
0000000000000000
0000000000000000
0000000000000000
0000000000000000
ENDCHAR
STARTCHAR U+0055
ENCODING 85
SWIDTH 3200 0
DWIDTH 32 0
BBX 32 64 0 0
BITMAP
0FF00FF000000000
0FF00FF000000000
0FF00FF000000000
0FF00FF000000000
0FF00FF000000000
0FF00FF000000000
0FF00FF000000000
0FF00FF000000000
0FF00FF000000000
0FF00FF000000000
0FF00FF000000000
0FF00FF000000000
0FF00FF000000000
0FF00FF000000000
0FF00FF000000000
0FF00FF000000000
0FF00FF000000000
0FF00FF000000000
0FF00FF000000000
0FF00FF000000000
0FF00FF000000000
0FF00FF000000000
0FF00FF000000000
0FF00FF000000000
0FF00FF000000000
0FF00FF000000000
0FF00FF000000000
0FF00FF000000000
0FF00FF000000000
0FF00FF000000000
0FF00FF000000000
0FF00FF000000000
0FF00FF000000000
0FF00FF000000000
0FF00FF000000000
0FF00FF000000000
0FF00FF000000000
0FF00FF000000000
0FF00FF000000000
0FF00FF000000000
0FF00FF000000000
0FF00FF000000000
0FF00FF000000000
0FF00FF000000000
0FF00FF000000000
0FF00FF000000000
0FF00FF000000000
0FF00FF000000000
00FFFF0000000000
00FFFF0000000000
00FFFF0000000000
00FFFF0000000000
00FFFF0000000000
00FFFF0000000000
00FFFF0000000000
00FFFF0000000000
0000000000000000
0000000000000000
0000000000000000
0000000000000000
0000000000000000
0000000000000000
0000000000000000
0000000000000000
ENDCHAR
STARTCHAR U+0056
ENCODING 86
SWIDTH 3200 0
DWIDTH 32 0
BBX 32 64 0 0
BITMAP
0FF00FF000000000
0FF00FF000000000
0FF00FF000000000
0FF00FF000000000
0FF00FF000000000
0FF00FF000000000
0FF00FF000000000
0FF00FF000000000
0FF00FF000000000
0FF00FF000000000
0FF00FF000000000
0FF00FF000000000
0FF00FF000000000
0FF00FF000000000
0FF00FF000000000
0FF00FF000000000
0FF00FF000000000
0FF00FF000000000
0FF00FF000000000
0FF00FF000000000
0FF00FF000000000
0FF00FF000000000
0FF00FF000000000
0FF00FF000000000
0FF00FF000000000
0FF00FF000000000
0FF00FF000000000
0FF00FF000000000
0FF00FF000000000
0FF00FF000000000
0FF00FF000000000
0FF00FF000000000
0FF00FF000000000
0FF00FF000000000
0FF00FF000000000
0FF00FF000000000
0FF00FF000000000
0FF00FF000000000
0FF00FF000000000
0FF00FF000000000
00FFFF0000000000
00FFFF0000000000
00FFFF0000000000
00FFFF0000000000
00FFFF0000000000
00FFFF0000000000
00FFFF0000000000
00FFFF0000000000
000FF00000000000
000FF00000000000
000FF00000000000
000FF00000000000
000FF00000000000
000FF00000000000
000FF00000000000
000FF00000000000
0000000000000000
0000000000000000
0000000000000000
0000000000000000
0000000000000000
0000000000000000
0000000000000000
0000000000000000
ENDCHAR
STARTCHAR U+0057
ENCODING 87
SWIDTH 3200 0
DWIDTH 32 0
BBX 32 64 0 0
BITMAP
0FF000FF00000000
0FF000FF00000000
0FF000FF00000000
0FF000FF00000000
0FF000FF00000000
0FF000FF00000000
0FF000FF00000000
0FF000FF00000000
0FF000FF00000000
0FF000FF00000000
0FF000FF00000000
0FF000FF00000000
0FF000FF00000000
0FF000FF00000000
0FF000FF00000000
0FF000FF00000000
0FF000FF00000000
0FF000FF00000000
0FF000FF00000000
0FF000FF00000000
0FF000FF00000000
0FF000FF00000000
0FF000FF00000000
0FF000FF00000000
0FF0F0FF00000000
0FF0F0FF00000000
0FF0F0FF00000000
0FF0F0FF00000000
0FF0F0FF00000000
0FF0F0FF00000000
0FF0F0FF00000000
0FF0F0FF00000000
0FFFFFFF00000000
0FFFFFFF00000000
0FFFFFFF00000000
0FFFFFFF00000000
0FFFFFFF00000000
0FFFFFFF00000000
0FFFFFFF00000000
0FFFFFFF00000000
0FFF0FFF00000000
0FFF0FFF00000000
0FFF0FFF00000000
0FFF0FFF00000000
0FFF0FFF00000000
0FFF0FFF00000000
0FFF0FFF00000000
0FFF0FFF00000000
0FF000FF00000000
0FF000FF00000000
0FF000FF00000000
0FF000FF00000000
0FF000FF00000000
0FF000FF00000000
0FF000FF00000000
0FF000FF00000000
0000000000000000
0000000000000000
0000000000000000
0000000000000000
0000000000000000
0000000000000000
0000000000000000
0000000000000000
ENDCHAR
STARTCHAR U+0058
ENCODING 88
SWIDTH 3200 0
DWIDTH 32 0
BBX 32 64 0 0
BITMAP
0FF00FF000000000
0FF00FF000000000
0FF00FF000000000
0FF00FF000000000
0FF00FF000000000
0FF00FF000000000
0FF00FF000000000
0FF00FF000000000
0FF00FF000000000
0FF00FF000000000
0FF00FF000000000
0FF00FF000000000
0FF00FF000000000
0FF00FF000000000
0FF00FF000000000
0FF00FF000000000
00FFFF0000000000
00FFFF0000000000
00FFFF0000000000
00FFFF0000000000
00FFFF0000000000
00FFFF0000000000
00FFFF0000000000
00FFFF0000000000
000FF00000000000
000FF00000000000
000FF00000000000
000FF00000000000
000FF00000000000
000FF00000000000
000FF00000000000
000FF00000000000
00FFFF0000000000
00FFFF0000000000
00FFFF0000000000
00FFFF0000000000
00FFFF0000000000
00FFFF0000000000
00FFFF0000000000
00FFFF0000000000
0FF00FF000000000
0FF00FF000000000
0FF00FF000000000
0FF00FF000000000
0FF00FF000000000
0FF00FF000000000
0FF00FF000000000
0FF00FF000000000
0FF00FF000000000
0FF00FF000000000
0FF00FF000000000
0FF00FF000000000
0FF00FF000000000
0FF00FF000000000
0FF00FF000000000
0FF00FF000000000
0000000000000000
0000000000000000
0000000000000000
0000000000000000
0000000000000000
0000000000000000
0000000000000000
0000000000000000
ENDCHAR
STARTCHAR U+0059
ENCODING 89
SWIDTH 3200 0
DWIDTH 32 0
BBX 32 64 0 0
BITMAP
0FF00FF000000000
0FF00FF000000000
0FF00FF000000000
0FF00FF000000000
0FF00FF000000000
0FF00FF000000000
0FF00FF000000000
0FF00FF000000000
0FF00FF000000000
0FF00FF000000000
0FF00FF000000000
0FF00FF000000000
0FF00FF000000000
0FF00FF000000000
0FF00FF000000000
0FF00FF000000000
0FF00FF000000000
0FF00FF000000000
0FF00FF000000000
0FF00FF000000000
0FF00FF000000000
0FF00FF000000000
0FF00FF000000000
0FF00FF000000000
00FFFF0000000000
00FFFF0000000000
00FFFF0000000000
00FFFF0000000000
00FFFF0000000000
00FFFF0000000000
00FFFF0000000000
00FFFF0000000000
000FF00000000000
000FF00000000000
000FF00000000000
000FF00000000000
000FF00000000000
000FF00000000000
000FF00000000000
000FF00000000000
000FF00000000000
000FF00000000000
000FF00000000000
000FF00000000000
000FF00000000000
000FF00000000000
000FF00000000000
000FF00000000000
000FF00000000000
000FF00000000000
000FF00000000000
000FF00000000000
000FF00000000000
000FF00000000000
000FF00000000000
000FF00000000000
0000000000000000
0000000000000000
0000000000000000
0000000000000000
0000000000000000
0000000000000000
0000000000000000
0000000000000000
ENDCHAR
STARTCHAR U+005A
ENCODING 90
SWIDTH 3200 0
DWIDTH 32 0
BBX 32 64 0 0
BITMAP
0FFFFFF000000000
0FFFFFF000000000
0FFFFFF000000000
0FFFFFF000000000
0FFFFFF000000000
0FFFFFF000000000
0FFFFFF000000000
0FFFFFF000000000
00000FF000000000
00000FF000000000
00000FF000000000
00000FF000000000
00000FF000000000
00000FF000000000
00000FF000000000
00000FF000000000
0000FF0000000000
0000FF0000000000
0000FF0000000000
0000FF0000000000
0000FF0000000000
0000FF0000000000
0000FF0000000000
0000FF0000000000
000FF00000000000
000FF00000000000
000FF00000000000
000FF00000000000
000FF00000000000
000FF00000000000
000FF00000000000
000FF00000000000
00FF000000000000
00FF000000000000
00FF000000000000
00FF000000000000
00FF000000000000
00FF000000000000
00FF000000000000
00FF000000000000
0FF0000000000000
0FF0000000000000
0FF0000000000000
0FF0000000000000
0FF0000000000000
0FF0000000000000
0FF0000000000000
0FF0000000000000
0FFFFFF000000000
0FFFFFF000000000
0FFFFFF000000000
0FFFFFF000000000
0FFFFFF000000000
0FFFFFF000000000
0FFFFFF000000000
0FFFFFF000000000
0000000000000000
0000000000000000
0000000000000000
0000000000000000
0000000000000000
0000000000000000
0000000000000000
0000000000000000
ENDCHAR
STARTCHAR U+005B
ENCODING 91
SWIDTH 3200 0
DWIDTH 32 0
BBX 32 64 0 0
BITMAP
00FFFF0000000000
00FFFF0000000000
00FFFF0000000000
00FFFF0000000000
00FFFF0000000000
00FFFF0000000000
00FFFF0000000000
00FFFF0000000000
00FF000000000000
00FF000000000000
00FF000000000000
00FF000000000000
00FF000000000000
00FF000000000000
00FF000000000000
00FF000000000000
00FF000000000000
00FF000000000000
00FF000000000000
00FF000000000000
00FF000000000000
00FF000000000000
00FF000000000000
00FF000000000000
00FF000000000000
00FF000000000000
00FF000000000000
00FF000000000000
00FF000000000000
00FF000000000000
00FF000000000000
00FF000000000000
00FF000000000000
00FF000000000000
00FF000000000000
00FF000000000000
00FF000000000000
00FF000000000000
00FF000000000000
00FF000000000000
00FF000000000000
00FF000000000000
00FF000000000000
00FF000000000000
00FF000000000000
00FF000000000000
00FF000000000000
00FF000000000000
00FFFF0000000000
00FFFF0000000000
00FFFF0000000000
00FFFF0000000000
00FFFF0000000000
00FFFF0000000000
00FFFF0000000000
00FFFF0000000000
0000000000000000
0000000000000000
0000000000000000
0000000000000000
0000000000000000
0000000000000000
0000000000000000
0000000000000000
ENDCHAR
STARTCHAR U+005C
ENCODING 92
SWIDTH 3200 0
DWIDTH 32 0
BBX 32 64 0 0
BITMAP
0000000000000000
0000000000000000
0000000000000000
0000000000000000
0000000000000000
0000000000000000
0000000000000000
0000000000000000
0FF0000000000000
0FF0000000000000
0FF0000000000000
0FF0000000000000
0FF0000000000000
0FF0000000000000
0FF0000000000000
0FF0000000000000
00FF000000000000
00FF000000000000
00FF000000000000
00FF000000000000
00FF000000000000
00FF000000000000
00FF000000000000
00FF000000000000
000FF00000000000
000FF00000000000
000FF00000000000
000FF00000000000
000FF00000000000
000FF00000000000
000FF00000000000
000FF00000000000
0000FF0000000000
0000FF0000000000
0000FF0000000000
0000FF0000000000
0000FF0000000000
0000FF0000000000
0000FF0000000000
0000FF0000000000
00000FF000000000
00000FF000000000
00000FF000000000
00000FF000000000
00000FF000000000
00000FF000000000
00000FF000000000
00000FF000000000
000000FF00000000
000000FF00000000
000000FF00000000
000000FF00000000
000000FF00000000
000000FF00000000
000000FF00000000
000000FF00000000
0000000000000000
0000000000000000
0000000000000000
0000000000000000
0000000000000000
0000000000000000
0000000000000000
0000000000000000
ENDCHAR
STARTCHAR U+005D
ENCODING 93
SWIDTH 3200 0
DWIDTH 32 0
BBX 32 64 0 0
BITMAP
00FFFF0000000000
00FFFF0000000000
00FFFF0000000000
00FFFF0000000000
00FFFF0000000000
00FFFF0000000000
00FFFF0000000000
00FFFF0000000000
0000FF0000000000
0000FF0000000000
0000FF0000000000
0000FF0000000000
0000FF0000000000
0000FF0000000000
0000FF0000000000
0000FF0000000000
0000FF0000000000
0000FF0000000000
0000FF0000000000
0000FF0000000000
0000FF0000000000
0000FF0000000000
0000FF0000000000
0000FF0000000000
0000FF0000000000
0000FF0000000000
0000FF0000000000
0000FF0000000000
0000FF0000000000
0000FF0000000000
0000FF0000000000
0000FF0000000000
0000FF0000000000
0000FF0000000000
0000FF0000000000
0000FF0000000000
0000FF0000000000
0000FF0000000000
0000FF0000000000
0000FF0000000000
0000FF0000000000
0000FF0000000000
0000FF0000000000
0000FF0000000000
0000FF0000000000
0000FF0000000000
0000FF0000000000
0000FF0000000000
00FFFF0000000000
00FFFF0000000000
00FFFF0000000000
00FFFF0000000000
00FFFF0000000000
00FFFF0000000000
00FFFF0000000000
00FFFF0000000000
0000000000000000
0000000000000000
0000000000000000
0000000000000000
0000000000000000
0000000000000000
0000000000000000
0000000000000000
ENDCHAR
STARTCHAR U+005E
ENCODING 94
SWIDTH 3200 0
DWIDTH 32 0
BBX 32 64 0 0
BITMAP
000FF00000000000
000FF00000000000
000FF00000000000
000FF00000000000
000FF00000000000
000FF00000000000
000FF00000000000
000FF00000000000
00FFFF0000000000
00FFFF0000000000
00FFFF0000000000
00FFFF0000000000
00FFFF0000000000
00FFFF0000000000
00FFFF0000000000
00FFFF0000000000
0FF00FF000000000
0FF00FF000000000
0FF00FF000000000
0FF00FF000000000
0FF00FF000000000
0FF00FF000000000
0FF00FF000000000
0FF00FF000000000
0000000000000000
0000000000000000
0000000000000000
0000000000000000
0000000000000000
0000000000000000
0000000000000000
0000000000000000
0000000000000000
0000000000000000
0000000000000000
0000000000000000
0000000000000000
0000000000000000
0000000000000000
0000000000000000
0000000000000000
0000000000000000
0000000000000000
0000000000000000
0000000000000000
0000000000000000
0000000000000000
0000000000000000
0000000000000000
0000000000000000
0000000000000000
0000000000000000
0000000000000000
0000000000000000
0000000000000000
0000000000000000
0000000000000000
0000000000000000
0000000000000000
0000000000000000
0000000000000000
0000000000000000
0000000000000000
0000000000000000
ENDCHAR
STARTCHAR U+005F
ENCODING 95
SWIDTH 3200 0
DWIDTH 32 0
BBX 32 64 0 0
BITMAP
0000000000000000
0000000000000000
0000000000000000
0000000000000000
0000000000000000
0000000000000000
0000000000000000
0000000000000000
0000000000000000
0000000000000000
0000000000000000
0000000000000000
0000000000000000
0000000000000000
0000000000000000
0000000000000000
0000000000000000
0000000000000000
0000000000000000
0000000000000000
0000000000000000
0000000000000000
0000000000000000
0000000000000000
0000000000000000
0000000000000000
0000000000000000
0000000000000000
0000000000000000
0000000000000000
0000000000000000
0000000000000000
0000000000000000
0000000000000000
0000000000000000
0000000000000000
0000000000000000
0000000000000000
0000000000000000
0000000000000000
0FFFFFF000000000
0FFFFFF000000000
0FFFFFF000000000
0FFFFFF000000000
0FFFFFF000000000
0FFFFFF000000000
0FFFFFF000000000
0FFFFFF000000000
0000000000000000
0000000000000000
0000000000000000
0000000000000000
0000000000000000
0000000000000000
0000000000000000
0000000000000000
0000000000000000
0000000000000000
0000000000000000
0000000000000000
0000000000000000
0000000000000000
0000000000000000
0000000000000000
ENDCHAR
STARTCHAR U+0060
ENCODING 96
SWIDTH 3200 0
DWIDTH 32 0
BBX 32 64 0 0
BITMAP
0000000000000000
0000000000000000
0000000000000000
0000000000000000
0000000000000000
0000000000000000
0000000000000000
0000000000000000
00FF000000000000
00FF000000000000
00FF000000000000
00FF000000000000
00FF000000000000
00FF000000000000
00FF000000000000
00FF000000000000
000FF00000000000
000FF00000000000
000FF00000000000
000FF00000000000
000FF00000000000
000FF00000000000
000FF00000000000
000FF00000000000
0000000000000000
0000000000000000
0000000000000000
0000000000000000
0000000000000000
0000000000000000
0000000000000000
0000000000000000
0000000000000000
0000000000000000
0000000000000000
0000000000000000
0000000000000000
0000000000000000
0000000000000000
0000000000000000
0000000000000000
0000000000000000
0000000000000000
0000000000000000
0000000000000000
0000000000000000
0000000000000000
0000000000000000
0000000000000000
0000000000000000
0000000000000000
0000000000000000
0000000000000000
0000000000000000
0000000000000000
0000000000000000
0000000000000000
0000000000000000
0000000000000000
0000000000000000
0000000000000000
0000000000000000
0000000000000000
0000000000000000
ENDCHAR
STARTCHAR U+0061
ENCODING 97
SWIDTH 3200 0
DWIDTH 32 0
BBX 32 64 0 0
BITMAP
0000000000000000
0000000000000000
0000000000000000
0000000000000000
0000000000000000
0000000000000000
0000000000000000
0000000000000000
0000000000000000
0000000000000000
0000000000000000
0000000000000000
0000000000000000
0000000000000000
0000000000000000
0000000000000000
00FFFF0000000000
00FFFF0000000000
00FFFF0000000000
00FFFF0000000000
00FFFF0000000000
00FFFF0000000000
00FFFF0000000000
00FFFF0000000000
00000FF000000000
00000FF000000000
00000FF000000000
00000FF000000000
00000FF000000000
00000FF000000000
00000FF000000000
00000FF000000000
00FFFFF000000000
00FFFFF000000000
00FFFFF000000000
00FFFFF000000000
00FFFFF000000000
00FFFFF000000000
00FFFFF000000000
00FFFFF000000000
0FF00FF000000000
0FF00FF000000000
0FF00FF000000000
0FF00FF000000000
0FF00FF000000000
0FF00FF000000000
0FF00FF000000000
0FF00FF000000000
00FFFFF000000000
00FFFFF000000000
00FFFFF000000000
00FFFFF000000000
00FFFFF000000000
00FFFFF000000000
00FFFFF000000000
00FFFFF000000000
0000000000000000
0000000000000000
0000000000000000
0000000000000000
0000000000000000
0000000000000000
0000000000000000
0000000000000000
ENDCHAR
STARTCHAR U+0062
ENCODING 98
SWIDTH 3200 0
DWIDTH 32 0
BBX 32 64 0 0
BITMAP
0000000000000000
0000000000000000
0000000000000000
0000000000000000
0000000000000000
0000000000000000
0000000000000000
0000000000000000
0FF0000000000000
0FF0000000000000
0FF0000000000000
0FF0000000000000
0FF0000000000000
0FF0000000000000
0FF0000000000000
0FF0000000000000
0FF0000000000000
0FF0000000000000
0FF0000000000000
0FF0000000000000
0FF0000000000000
0FF0000000000000
0FF0000000000000
0FF0000000000000
0FFFFF0000000000
0FFFFF0000000000
0FFFFF0000000000
0FFFFF0000000000
0FFFFF0000000000
0FFFFF0000000000
0FFFFF0000000000
0FFFFF0000000000
0FF00FF000000000
0FF00FF000000000
0FF00FF000000000
0FF00FF000000000
0FF00FF000000000
0FF00FF000000000
0FF00FF000000000
0FF00FF000000000
0FF00FF000000000
0FF00FF000000000
0FF00FF000000000
0FF00FF000000000
0FF00FF000000000
0FF00FF000000000
0FF00FF000000000
0FF00FF000000000
0FFFFF0000000000
0FFFFF0000000000
0FFFFF0000000000
0FFFFF0000000000
0FFFFF0000000000
0FFFFF0000000000
0FFFFF0000000000
0FFFFF0000000000
0000000000000000
0000000000000000
0000000000000000
0000000000000000
0000000000000000
0000000000000000
0000000000000000
0000000000000000
ENDCHAR
STARTCHAR U+0063
ENCODING 99
SWIDTH 3200 0
DWIDTH 32 0
BBX 32 64 0 0
BITMAP
0000000000000000
0000000000000000
0000000000000000
0000000000000000
0000000000000000
0000000000000000
0000000000000000
0000000000000000
0000000000000000
0000000000000000
0000000000000000
0000000000000000
0000000000000000
0000000000000000
0000000000000000
0000000000000000
00FFFF0000000000
00FFFF0000000000
00FFFF0000000000
00FFFF0000000000
00FFFF0000000000
00FFFF0000000000
00FFFF0000000000
00FFFF0000000000
0FF0000000000000
0FF0000000000000
0FF0000000000000
0FF0000000000000
0FF0000000000000
0FF0000000000000
0FF0000000000000
0FF0000000000000
0FF0000000000000
0FF0000000000000
0FF0000000000000
0FF0000000000000
0FF0000000000000
0FF0000000000000
0FF0000000000000
0FF0000000000000
0FF0000000000000
0FF0000000000000
0FF0000000000000
0FF0000000000000
0FF0000000000000
0FF0000000000000
0FF0000000000000
0FF0000000000000
00FFFF0000000000
00FFFF0000000000
00FFFF0000000000
00FFFF0000000000
00FFFF0000000000
00FFFF0000000000
00FFFF0000000000
00FFFF0000000000
0000000000000000
0000000000000000
0000000000000000
0000000000000000
0000000000000000
0000000000000000
0000000000000000
0000000000000000
ENDCHAR
STARTCHAR U+0064
ENCODING 100
SWIDTH 3200 0
DWIDTH 32 0
BBX 32 64 0 0
BITMAP
0000000000000000
0000000000000000
0000000000000000
0000000000000000
0000000000000000
0000000000000000
0000000000000000
0000000000000000
00000FF000000000
00000FF000000000
00000FF000000000
00000FF000000000
00000FF000000000
00000FF000000000
00000FF000000000
00000FF000000000
00000FF000000000
00000FF000000000
00000FF000000000
00000FF000000000
00000FF000000000
00000FF000000000
00000FF000000000
00000FF000000000
00FFFFF000000000
00FFFFF000000000
00FFFFF000000000
00FFFFF000000000
00FFFFF000000000
00FFFFF000000000
00FFFFF000000000
00FFFFF000000000
0FF00FF000000000
0FF00FF000000000
0FF00FF000000000
0FF00FF000000000
0FF00FF000000000
0FF00FF000000000
0FF00FF000000000
0FF00FF000000000
0FF00FF000000000
0FF00FF000000000
0FF00FF000000000
0FF00FF000000000
0FF00FF000000000
0FF00FF000000000
0FF00FF000000000
0FF00FF000000000
00FFFFF000000000
00FFFFF000000000
00FFFFF000000000
00FFFFF000000000
00FFFFF000000000
00FFFFF000000000
00FFFFF000000000
00FFFFF000000000
0000000000000000
0000000000000000
0000000000000000
0000000000000000
0000000000000000
0000000000000000
0000000000000000
0000000000000000
ENDCHAR
STARTCHAR U+0065
ENCODING 101
SWIDTH 3200 0
DWIDTH 32 0
BBX 32 64 0 0
BITMAP
0000000000000000
0000000000000000
0000000000000000
0000000000000000
0000000000000000
0000000000000000
0000000000000000
0000000000000000
0000000000000000
0000000000000000
0000000000000000
0000000000000000
0000000000000000
0000000000000000
0000000000000000
0000000000000000
00FFFF0000000000
00FFFF0000000000
00FFFF0000000000
00FFFF0000000000
00FFFF0000000000
00FFFF0000000000
00FFFF0000000000
00FFFF0000000000
0FF00FF000000000
0FF00FF000000000
0FF00FF000000000
0FF00FF000000000
0FF00FF000000000
0FF00FF000000000
0FF00FF000000000
0FF00FF000000000
0FFFFFF000000000
0FFFFFF000000000
0FFFFFF000000000
0FFFFFF000000000
0FFFFFF000000000
0FFFFFF000000000
0FFFFFF000000000
0FFFFFF000000000
0FF0000000000000
0FF0000000000000
0FF0000000000000
0FF0000000000000
0FF0000000000000
0FF0000000000000
0FF0000000000000
0FF0000000000000
00FFFF0000000000
00FFFF0000000000
00FFFF0000000000
00FFFF0000000000
00FFFF0000000000
00FFFF0000000000
00FFFF0000000000
00FFFF0000000000
0000000000000000
0000000000000000
0000000000000000
0000000000000000
0000000000000000
0000000000000000
0000000000000000
0000000000000000
ENDCHAR
STARTCHAR U+0066
ENCODING 102
SWIDTH 3200 0
DWIDTH 32 0
BBX 32 64 0 0
BITMAP
0000000000000000
0000000000000000
0000000000000000
0000000000000000
0000000000000000
0000000000000000
0000000000000000
0000000000000000
0000FFF000000000
0000FFF000000000
0000FFF000000000
0000FFF000000000
0000FFF000000000
0000FFF000000000
0000FFF000000000
0000FFF000000000
000FF00000000000
000FF00000000000
000FF00000000000
000FF00000000000
000FF00000000000
000FF00000000000
000FF00000000000
000FF00000000000
00FFFFF000000000
00FFFFF000000000
00FFFFF000000000
00FFFFF000000000
00FFFFF000000000
00FFFFF000000000
00FFFFF000000000
00FFFFF000000000
000FF00000000000
000FF00000000000
000FF00000000000
000FF00000000000
000FF00000000000
000FF00000000000
000FF00000000000
000FF00000000000
000FF00000000000
000FF00000000000
000FF00000000000
000FF00000000000
000FF00000000000
000FF00000000000
000FF00000000000
000FF00000000000
000FF00000000000
000FF00000000000
000FF00000000000
000FF00000000000
000FF00000000000
000FF00000000000
000FF00000000000
000FF00000000000
0000000000000000
0000000000000000
0000000000000000
0000000000000000
0000000000000000
0000000000000000
0000000000000000
0000000000000000
ENDCHAR
STARTCHAR U+0067
ENCODING 103
SWIDTH 3200 0
DWIDTH 32 0
BBX 32 64 0 0
BITMAP
0000000000000000
0000000000000000
0000000000000000
0000000000000000
0000000000000000
0000000000000000
0000000000000000
0000000000000000
0000000000000000
0000000000000000
0000000000000000
0000000000000000
0000000000000000
0000000000000000
0000000000000000
0000000000000000
00FFFFF000000000
00FFFFF000000000
00FFFFF000000000
00FFFFF000000000
00FFFFF000000000
00FFFFF000000000
00FFFFF000000000
00FFFFF000000000
0FF00FF000000000
0FF00FF000000000
0FF00FF000000000
0FF00FF000000000
0FF00FF000000000
0FF00FF000000000
0FF00FF000000000
0FF00FF000000000
0FF00FF000000000
0FF00FF000000000
0FF00FF000000000
0FF00FF000000000
0FF00FF000000000
0FF00FF000000000
0FF00FF000000000
0FF00FF000000000
00FFFFF000000000
00FFFFF000000000
00FFFFF000000000
00FFFFF000000000
00FFFFF000000000
00FFFFF000000000
00FFFFF000000000
00FFFFF000000000
00000FF000000000
00000FF000000000
00000FF000000000
00000FF000000000
00000FF000000000
00000FF000000000
00000FF000000000
00000FF000000000
0FFFFF0000000000
0FFFFF0000000000
0FFFFF0000000000
0FFFFF0000000000
0FFFFF0000000000
0FFFFF0000000000
0FFFFF0000000000
0FFFFF0000000000
ENDCHAR
STARTCHAR U+0068
ENCODING 104
SWIDTH 3200 0
DWIDTH 32 0
BBX 32 64 0 0
BITMAP
0000000000000000
0000000000000000
0000000000000000
0000000000000000
0000000000000000
0000000000000000
0000000000000000
0000000000000000
0FF0000000000000
0FF0000000000000
0FF0000000000000
0FF0000000000000
0FF0000000000000
0FF0000000000000
0FF0000000000000
0FF0000000000000
0FF0000000000000
0FF0000000000000
0FF0000000000000
0FF0000000000000
0FF0000000000000
0FF0000000000000
0FF0000000000000
0FF0000000000000
0FFFFF0000000000
0FFFFF0000000000
0FFFFF0000000000
0FFFFF0000000000
0FFFFF0000000000
0FFFFF0000000000
0FFFFF0000000000
0FFFFF0000000000
0FF00FF000000000
0FF00FF000000000
0FF00FF000000000
0FF00FF000000000
0FF00FF000000000
0FF00FF000000000
0FF00FF000000000
0FF00FF000000000
0FF00FF000000000
0FF00FF000000000
0FF00FF000000000
0FF00FF000000000
0FF00FF000000000
0FF00FF000000000
0FF00FF000000000
0FF00FF000000000
0FF00FF000000000
0FF00FF000000000
0FF00FF000000000
0FF00FF000000000
0FF00FF000000000
0FF00FF000000000
0FF00FF000000000
0FF00FF000000000
0000000000000000
0000000000000000
0000000000000000
0000000000000000
0000000000000000
0000000000000000
0000000000000000
0000000000000000
ENDCHAR
STARTCHAR U+0069
ENCODING 105
SWIDTH 3200 0
DWIDTH 32 0
BBX 32 64 0 0
BITMAP
0000000000000000
0000000000000000
0000000000000000
0000000000000000
0000000000000000
0000000000000000
0000000000000000
0000000000000000
000FF00000000000
000FF00000000000
000FF00000000000
000FF00000000000
000FF00000000000
000FF00000000000
000FF00000000000
000FF00000000000
0000000000000000
0000000000000000
0000000000000000
0000000000000000
0000000000000000
0000000000000000
0000000000000000
0000000000000000
00FFF00000000000
00FFF00000000000
00FFF00000000000
00FFF00000000000
00FFF00000000000
00FFF00000000000
00FFF00000000000
00FFF00000000000
000FF00000000000
000FF00000000000
000FF00000000000
000FF00000000000
000FF00000000000
000FF00000000000
000FF00000000000
000FF00000000000
000FF00000000000
000FF00000000000
000FF00000000000
000FF00000000000
000FF00000000000
000FF00000000000
000FF00000000000
000FF00000000000
00FFFF0000000000
00FFFF0000000000
00FFFF0000000000
00FFFF0000000000
00FFFF0000000000
00FFFF0000000000
00FFFF0000000000
00FFFF0000000000
0000000000000000
0000000000000000
0000000000000000
0000000000000000
0000000000000000
0000000000000000
0000000000000000
0000000000000000
ENDCHAR
STARTCHAR U+006A
ENCODING 106
SWIDTH 3200 0
DWIDTH 32 0
BBX 32 64 0 0
BITMAP
0000000000000000
0000000000000000
0000000000000000
0000000000000000
0000000000000000
0000000000000000
0000000000000000
0000000000000000
00000FF000000000
00000FF000000000
00000FF000000000
00000FF000000000
00000FF000000000
00000FF000000000
00000FF000000000
00000FF000000000
0000000000000000
0000000000000000
0000000000000000
0000000000000000
0000000000000000
0000000000000000
0000000000000000
0000000000000000
00000FF000000000
00000FF000000000
00000FF000000000
00000FF000000000
00000FF000000000
00000FF000000000
00000FF000000000
00000FF000000000
00000FF000000000
00000FF000000000
00000FF000000000
00000FF000000000
00000FF000000000
00000FF000000000
00000FF000000000
00000FF000000000
00000FF000000000
00000FF000000000
00000FF000000000
00000FF000000000
00000FF000000000
00000FF000000000
00000FF000000000
00000FF000000000
00000FF000000000
00000FF000000000
00000FF000000000
00000FF000000000
00000FF000000000
00000FF000000000
00000FF000000000
00000FF000000000
00FFFF0000000000
00FFFF0000000000
00FFFF0000000000
00FFFF0000000000
00FFFF0000000000
00FFFF0000000000
00FFFF0000000000
00FFFF0000000000
ENDCHAR
STARTCHAR U+006B
ENCODING 107
SWIDTH 3200 0
DWIDTH 32 0
BBX 32 64 0 0
BITMAP
0000000000000000
0000000000000000
0000000000000000
0000000000000000
0000000000000000
0000000000000000
0000000000000000
0000000000000000
0FF0000000000000
0FF0000000000000
0FF0000000000000
0FF0000000000000
0FF0000000000000
0FF0000000000000
0FF0000000000000
0FF0000000000000
0FF0000000000000
0FF0000000000000
0FF0000000000000
0FF0000000000000
0FF0000000000000
0FF0000000000000
0FF0000000000000
0FF0000000000000
0FF0FF0000000000
0FF0FF0000000000
0FF0FF0000000000
0FF0FF0000000000
0FF0FF0000000000
0FF0FF0000000000
0FF0FF0000000000
0FF0FF0000000000
0FFFF00000000000
0FFFF00000000000
0FFFF00000000000
0FFFF00000000000
0FFFF00000000000
0FFFF00000000000
0FFFF00000000000
0FFFF00000000000
0FF0FF0000000000
0FF0FF0000000000
0FF0FF0000000000
0FF0FF0000000000
0FF0FF0000000000
0FF0FF0000000000
0FF0FF0000000000
0FF0FF0000000000
0FF00FF000000000
0FF00FF000000000
0FF00FF000000000
0FF00FF000000000
0FF00FF000000000
0FF00FF000000000
0FF00FF000000000
0FF00FF000000000
0000000000000000
0000000000000000
0000000000000000
0000000000000000
0000000000000000
0000000000000000
0000000000000000
0000000000000000
ENDCHAR
STARTCHAR U+006C
ENCODING 108
SWIDTH 3200 0
DWIDTH 32 0
BBX 32 64 0 0
BITMAP
0000000000000000
0000000000000000
0000000000000000
0000000000000000
0000000000000000
0000000000000000
0000000000000000
0000000000000000
00FFF00000000000
00FFF00000000000
00FFF00000000000
00FFF00000000000
00FFF00000000000
00FFF00000000000
00FFF00000000000
00FFF00000000000
000FF00000000000
000FF00000000000
000FF00000000000
000FF00000000000
000FF00000000000
000FF00000000000
000FF00000000000
000FF00000000000
000FF00000000000
000FF00000000000
000FF00000000000
000FF00000000000
000FF00000000000
000FF00000000000
000FF00000000000
000FF00000000000
000FF00000000000
000FF00000000000
000FF00000000000
000FF00000000000
000FF00000000000
000FF00000000000
000FF00000000000
000FF00000000000
000FF00000000000
000FF00000000000
000FF00000000000
000FF00000000000
000FF00000000000
000FF00000000000
000FF00000000000
000FF00000000000
00FFFF0000000000
00FFFF0000000000
00FFFF0000000000
00FFFF0000000000
00FFFF0000000000
00FFFF0000000000
00FFFF0000000000
00FFFF0000000000
0000000000000000
0000000000000000
0000000000000000
0000000000000000
0000000000000000
0000000000000000
0000000000000000
0000000000000000
ENDCHAR
STARTCHAR U+006D
ENCODING 109
SWIDTH 3200 0
DWIDTH 32 0
BBX 32 64 0 0
BITMAP
0000000000000000
0000000000000000
0000000000000000
0000000000000000
0000000000000000
0000000000000000
0000000000000000
0000000000000000
0000000000000000
0000000000000000
0000000000000000
0000000000000000
0000000000000000
0000000000000000
0000000000000000
0000000000000000
0FF00FF000000000
0FF00FF000000000
0FF00FF000000000
0FF00FF000000000
0FF00FF000000000
0FF00FF000000000
0FF00FF000000000
0FF00FF000000000
0FFFFFFF00000000
0FFFFFFF00000000
0FFFFFFF00000000
0FFFFFFF00000000
0FFFFFFF00000000
0FFFFFFF00000000
0FFFFFFF00000000
0FFFFFFF00000000
0FFFFFFF00000000
0FFFFFFF00000000
0FFFFFFF00000000
0FFFFFFF00000000
0FFFFFFF00000000
0FFFFFFF00000000
0FFFFFFF00000000
0FFFFFFF00000000
0FF0F0FF00000000
0FF0F0FF00000000
0FF0F0FF00000000
0FF0F0FF00000000
0FF0F0FF00000000
0FF0F0FF00000000
0FF0F0FF00000000
0FF0F0FF00000000
0FF000FF00000000
0FF000FF00000000
0FF000FF00000000
0FF000FF00000000
0FF000FF00000000
0FF000FF00000000
0FF000FF00000000
0FF000FF00000000
0000000000000000
0000000000000000
0000000000000000
0000000000000000
0000000000000000
0000000000000000
0000000000000000
0000000000000000
ENDCHAR
STARTCHAR U+006E
ENCODING 110
SWIDTH 3200 0
DWIDTH 32 0
BBX 32 64 0 0
BITMAP
0000000000000000
0000000000000000
0000000000000000
0000000000000000
0000000000000000
0000000000000000
0000000000000000
0000000000000000
0000000000000000
0000000000000000
0000000000000000
0000000000000000
0000000000000000
0000000000000000
0000000000000000
0000000000000000
0FFFFF0000000000
0FFFFF0000000000
0FFFFF0000000000
0FFFFF0000000000
0FFFFF0000000000
0FFFFF0000000000
0FFFFF0000000000
0FFFFF0000000000
0FF00FF000000000
0FF00FF000000000
0FF00FF000000000
0FF00FF000000000
0FF00FF000000000
0FF00FF000000000
0FF00FF000000000
0FF00FF000000000
0FF00FF000000000
0FF00FF000000000
0FF00FF000000000
0FF00FF000000000
0FF00FF000000000
0FF00FF000000000
0FF00FF000000000
0FF00FF000000000
0FF00FF000000000
0FF00FF000000000
0FF00FF000000000
0FF00FF000000000
0FF00FF000000000
0FF00FF000000000
0FF00FF000000000
0FF00FF000000000
0FF00FF000000000
0FF00FF000000000
0FF00FF000000000
0FF00FF000000000
0FF00FF000000000
0FF00FF000000000
0FF00FF000000000
0FF00FF000000000
0000000000000000
0000000000000000
0000000000000000
0000000000000000
0000000000000000
0000000000000000
0000000000000000
0000000000000000
ENDCHAR
STARTCHAR U+006F
ENCODING 111
SWIDTH 3200 0
DWIDTH 32 0
BBX 32 64 0 0
BITMAP
0000000000000000
0000000000000000
0000000000000000
0000000000000000
0000000000000000
0000000000000000
0000000000000000
0000000000000000
0000000000000000
0000000000000000
0000000000000000
0000000000000000
0000000000000000
0000000000000000
0000000000000000
0000000000000000
00FFFF0000000000
00FFFF0000000000
00FFFF0000000000
00FFFF0000000000
00FFFF0000000000
00FFFF0000000000
00FFFF0000000000
00FFFF0000000000
0FF00FF000000000
0FF00FF000000000
0FF00FF000000000
0FF00FF000000000
0FF00FF000000000
0FF00FF000000000
0FF00FF000000000
0FF00FF000000000
0FF00FF000000000
0FF00FF000000000
0FF00FF000000000
0FF00FF000000000
0FF00FF000000000
0FF00FF000000000
0FF00FF000000000
0FF00FF000000000
0FF00FF000000000
0FF00FF000000000
0FF00FF000000000
0FF00FF000000000
0FF00FF000000000
0FF00FF000000000
0FF00FF000000000
0FF00FF000000000
00FFFF0000000000
00FFFF0000000000
00FFFF0000000000
00FFFF0000000000
00FFFF0000000000
00FFFF0000000000
00FFFF0000000000
00FFFF0000000000
0000000000000000
0000000000000000
0000000000000000
0000000000000000
0000000000000000
0000000000000000
0000000000000000
0000000000000000
ENDCHAR
STARTCHAR U+0070
ENCODING 112
SWIDTH 3200 0
DWIDTH 32 0
BBX 32 64 0 0
BITMAP
0000000000000000
0000000000000000
0000000000000000
0000000000000000
0000000000000000
0000000000000000
0000000000000000
0000000000000000
0000000000000000
0000000000000000
0000000000000000
0000000000000000
0000000000000000
0000000000000000
0000000000000000
0000000000000000
0FFFFF0000000000
0FFFFF0000000000
0FFFFF0000000000
0FFFFF0000000000
0FFFFF0000000000
0FFFFF0000000000
0FFFFF0000000000
0FFFFF0000000000
0FF00FF000000000
0FF00FF000000000
0FF00FF000000000
0FF00FF000000000
0FF00FF000000000
0FF00FF000000000
0FF00FF000000000
0FF00FF000000000
0FF00FF000000000
0FF00FF000000000
0FF00FF000000000
0FF00FF000000000
0FF00FF000000000
0FF00FF000000000
0FF00FF000000000
0FF00FF000000000
0FFFFF0000000000
0FFFFF0000000000
0FFFFF0000000000
0FFFFF0000000000
0FFFFF0000000000
0FFFFF0000000000
0FFFFF0000000000
0FFFFF0000000000
0FF0000000000000
0FF0000000000000
0FF0000000000000
0FF0000000000000
0FF0000000000000
0FF0000000000000
0FF0000000000000
0FF0000000000000
0FF0000000000000
0FF0000000000000
0FF0000000000000
0FF0000000000000
0FF0000000000000
0FF0000000000000
0FF0000000000000
0FF0000000000000
ENDCHAR
STARTCHAR U+0071
ENCODING 113
SWIDTH 3200 0
DWIDTH 32 0
BBX 32 64 0 0
BITMAP
0000000000000000
0000000000000000
0000000000000000
0000000000000000
0000000000000000
0000000000000000
0000000000000000
0000000000000000
0000000000000000
0000000000000000
0000000000000000
0000000000000000
0000000000000000
0000000000000000
0000000000000000
0000000000000000
00FFFFF000000000
00FFFFF000000000
00FFFFF000000000
00FFFFF000000000
00FFFFF000000000
00FFFFF000000000
00FFFFF000000000
00FFFFF000000000
0FF00FF000000000
0FF00FF000000000
0FF00FF000000000
0FF00FF000000000
0FF00FF000000000
0FF00FF000000000
0FF00FF000000000
0FF00FF000000000
0FF00FF000000000
0FF00FF000000000
0FF00FF000000000
0FF00FF000000000
0FF00FF000000000
0FF00FF000000000
0FF00FF000000000
0FF00FF000000000
00FFFFF000000000
00FFFFF000000000
00FFFFF000000000
00FFFFF000000000
00FFFFF000000000
00FFFFF000000000
00FFFFF000000000
00FFFFF000000000
00000FF000000000
00000FF000000000
00000FF000000000
00000FF000000000
00000FF000000000
00000FF000000000
00000FF000000000
00000FF000000000
00000FF000000000
00000FF000000000
00000FF000000000
00000FF000000000
00000FF000000000
00000FF000000000
00000FF000000000
00000FF000000000
ENDCHAR
STARTCHAR U+0072
ENCODING 114
SWIDTH 3200 0
DWIDTH 32 0
BBX 32 64 0 0
BITMAP
0000000000000000
0000000000000000
0000000000000000
0000000000000000
0000000000000000
0000000000000000
0000000000000000
0000000000000000
0000000000000000
0000000000000000
0000000000000000
0000000000000000
0000000000000000
0000000000000000
0000000000000000
0000000000000000
0FFFFF0000000000
0FFFFF0000000000
0FFFFF0000000000
0FFFFF0000000000
0FFFFF0000000000
0FFFFF0000000000
0FFFFF0000000000
0FFFFF0000000000
0FF00FF000000000
0FF00FF000000000
0FF00FF000000000
0FF00FF000000000
0FF00FF000000000
0FF00FF000000000
0FF00FF000000000
0FF00FF000000000
0FF0000000000000
0FF0000000000000
0FF0000000000000
0FF0000000000000
0FF0000000000000
0FF0000000000000
0FF0000000000000
0FF0000000000000
0FF0000000000000
0FF0000000000000
0FF0000000000000
0FF0000000000000
0FF0000000000000
0FF0000000000000
0FF0000000000000
0FF0000000000000
0FF0000000000000
0FF0000000000000
0FF0000000000000
0FF0000000000000
0FF0000000000000
0FF0000000000000
0FF0000000000000
0FF0000000000000
0000000000000000
0000000000000000
0000000000000000
0000000000000000
0000000000000000
0000000000000000
0000000000000000
0000000000000000
ENDCHAR
STARTCHAR U+0073
ENCODING 115
SWIDTH 3200 0
DWIDTH 32 0
BBX 32 64 0 0
BITMAP
0000000000000000
0000000000000000
0000000000000000
0000000000000000
0000000000000000
0000000000000000
0000000000000000
0000000000000000
0000000000000000
0000000000000000
0000000000000000
0000000000000000
0000000000000000
0000000000000000
0000000000000000
0000000000000000
00FFFFF000000000
00FFFFF000000000
00FFFFF000000000
00FFFFF000000000
00FFFFF000000000
00FFFFF000000000
00FFFFF000000000
00FFFFF000000000
0FF0000000000000
0FF0000000000000
0FF0000000000000
0FF0000000000000
0FF0000000000000
0FF0000000000000
0FF0000000000000
0FF0000000000000
00FFFF0000000000
00FFFF0000000000
00FFFF0000000000
00FFFF0000000000
00FFFF0000000000
00FFFF0000000000
00FFFF0000000000
00FFFF0000000000
00000FF000000000
00000FF000000000
00000FF000000000
00000FF000000000
00000FF000000000
00000FF000000000
00000FF000000000
00000FF000000000
0FFFFF0000000000
0FFFFF0000000000
0FFFFF0000000000
0FFFFF0000000000
0FFFFF0000000000
0FFFFF0000000000
0FFFFF0000000000
0FFFFF0000000000
0000000000000000
0000000000000000
0000000000000000
0000000000000000
0000000000000000
0000000000000000
0000000000000000
0000000000000000
ENDCHAR
STARTCHAR U+0074
ENCODING 116
SWIDTH 3200 0
DWIDTH 32 0
BBX 32 64 0 0
BITMAP
0000000000000000
0000000000000000
0000000000000000
0000000000000000
0000000000000000
0000000000000000
0000000000000000
0000000000000000
000FF00000000000
000FF00000000000
000FF00000000000
000FF00000000000
000FF00000000000
000FF00000000000
000FF00000000000
000FF00000000000
0FFFFFF000000000
0FFFFFF000000000
0FFFFFF000000000
0FFFFFF000000000
0FFFFFF000000000
0FFFFFF000000000
0FFFFFF000000000
0FFFFFF000000000
000FF00000000000
000FF00000000000
000FF00000000000
000FF00000000000
000FF00000000000
000FF00000000000
000FF00000000000
000FF00000000000
000FF00000000000
000FF00000000000
000FF00000000000
000FF00000000000
000FF00000000000
000FF00000000000
000FF00000000000
000FF00000000000
000FF00000000000
000FF00000000000
000FF00000000000
000FF00000000000
000FF00000000000
000FF00000000000
000FF00000000000
000FF00000000000
0000FFF000000000
0000FFF000000000
0000FFF000000000
0000FFF000000000
0000FFF000000000
0000FFF000000000
0000FFF000000000
0000FFF000000000
0000000000000000
0000000000000000
0000000000000000
0000000000000000
0000000000000000
0000000000000000
0000000000000000
0000000000000000
ENDCHAR
STARTCHAR U+0075
ENCODING 117
SWIDTH 3200 0
DWIDTH 32 0
BBX 32 64 0 0
BITMAP
0000000000000000
0000000000000000
0000000000000000
0000000000000000
0000000000000000
0000000000000000
0000000000000000
0000000000000000
0000000000000000
0000000000000000
0000000000000000
0000000000000000
0000000000000000
0000000000000000
0000000000000000
0000000000000000
0FF00FF000000000
0FF00FF000000000
0FF00FF000000000
0FF00FF000000000
0FF00FF000000000
0FF00FF000000000
0FF00FF000000000
0FF00FF000000000
0FF00FF000000000
0FF00FF000000000
0FF00FF000000000
0FF00FF000000000
0FF00FF000000000
0FF00FF000000000
0FF00FF000000000
0FF00FF000000000
0FF00FF000000000
0FF00FF000000000
0FF00FF000000000
0FF00FF000000000
0FF00FF000000000
0FF00FF000000000
0FF00FF000000000
0FF00FF000000000
0FF00FF000000000
0FF00FF000000000
0FF00FF000000000
0FF00FF000000000
0FF00FF000000000
0FF00FF000000000
0FF00FF000000000
0FF00FF000000000
00FFFFF000000000
00FFFFF000000000
00FFFFF000000000
00FFFFF000000000
00FFFFF000000000
00FFFFF000000000
00FFFFF000000000
00FFFFF000000000
0000000000000000
0000000000000000
0000000000000000
0000000000000000
0000000000000000
0000000000000000
0000000000000000
0000000000000000
ENDCHAR
STARTCHAR U+0076
ENCODING 118
SWIDTH 3200 0
DWIDTH 32 0
BBX 32 64 0 0
BITMAP
0000000000000000
0000000000000000
0000000000000000
0000000000000000
0000000000000000
0000000000000000
0000000000000000
0000000000000000
0000000000000000
0000000000000000
0000000000000000
0000000000000000
0000000000000000
0000000000000000
0000000000000000
0000000000000000
0FF00FF000000000
0FF00FF000000000
0FF00FF000000000
0FF00FF000000000
0FF00FF000000000
0FF00FF000000000
0FF00FF000000000
0FF00FF000000000
0FF00FF000000000
0FF00FF000000000
0FF00FF000000000
0FF00FF000000000
0FF00FF000000000
0FF00FF000000000
0FF00FF000000000
0FF00FF000000000
0FF00FF000000000
0FF00FF000000000
0FF00FF000000000
0FF00FF000000000
0FF00FF000000000
0FF00FF000000000
0FF00FF000000000
0FF00FF000000000
00FFFF0000000000
00FFFF0000000000
00FFFF0000000000
00FFFF0000000000
00FFFF0000000000
00FFFF0000000000
00FFFF0000000000
00FFFF0000000000
000FF00000000000
000FF00000000000
000FF00000000000
000FF00000000000
000FF00000000000
000FF00000000000
000FF00000000000
000FF00000000000
0000000000000000
0000000000000000
0000000000000000
0000000000000000
0000000000000000
0000000000000000
0000000000000000
0000000000000000
ENDCHAR
STARTCHAR U+0077
ENCODING 119
SWIDTH 3200 0
DWIDTH 32 0
BBX 32 64 0 0
BITMAP
0000000000000000
0000000000000000
0000000000000000
0000000000000000
0000000000000000
0000000000000000
0000000000000000
0000000000000000
0000000000000000
0000000000000000
0000000000000000
0000000000000000
0000000000000000
0000000000000000
0000000000000000
0000000000000000
0FF000FF00000000
0FF000FF00000000
0FF000FF00000000
0FF000FF00000000
0FF000FF00000000
0FF000FF00000000
0FF000FF00000000
0FF000FF00000000
0FF0F0FF00000000
0FF0F0FF00000000
0FF0F0FF00000000
0FF0F0FF00000000
0FF0F0FF00000000
0FF0F0FF00000000
0FF0F0FF00000000
0FF0F0FF00000000
0FFFFFFF00000000
0FFFFFFF00000000
0FFFFFFF00000000
0FFFFFFF00000000
0FFFFFFF00000000
0FFFFFFF00000000
0FFFFFFF00000000
0FFFFFFF00000000
00FFFFF000000000
00FFFFF000000000
00FFFFF000000000
00FFFFF000000000
00FFFFF000000000
00FFFFF000000000
00FFFFF000000000
00FFFFF000000000
00FF0FF000000000
00FF0FF000000000
00FF0FF000000000
00FF0FF000000000
00FF0FF000000000
00FF0FF000000000
00FF0FF000000000
00FF0FF000000000
0000000000000000
0000000000000000
0000000000000000
0000000000000000
0000000000000000
0000000000000000
0000000000000000
0000000000000000
ENDCHAR
STARTCHAR U+0078
ENCODING 120
SWIDTH 3200 0
DWIDTH 32 0
BBX 32 64 0 0
BITMAP
0000000000000000
0000000000000000
0000000000000000
0000000000000000
0000000000000000
0000000000000000
0000000000000000
0000000000000000
0000000000000000
0000000000000000
0000000000000000
0000000000000000
0000000000000000
0000000000000000
0000000000000000
0000000000000000
0FF00FF000000000
0FF00FF000000000
0FF00FF000000000
0FF00FF000000000
0FF00FF000000000
0FF00FF000000000
0FF00FF000000000
0FF00FF000000000
00FFFF0000000000
00FFFF0000000000
00FFFF0000000000
00FFFF0000000000
00FFFF0000000000
00FFFF0000000000
00FFFF0000000000
00FFFF0000000000
000FF00000000000
000FF00000000000
000FF00000000000
000FF00000000000
000FF00000000000
000FF00000000000
000FF00000000000
000FF00000000000
00FFFF0000000000
00FFFF0000000000
00FFFF0000000000
00FFFF0000000000
00FFFF0000000000
00FFFF0000000000
00FFFF0000000000
00FFFF0000000000
0FF00FF000000000
0FF00FF000000000
0FF00FF000000000
0FF00FF000000000
0FF00FF000000000
0FF00FF000000000
0FF00FF000000000
0FF00FF000000000
0000000000000000
0000000000000000
0000000000000000
0000000000000000
0000000000000000
0000000000000000
0000000000000000
0000000000000000
ENDCHAR
STARTCHAR U+0079
ENCODING 121
SWIDTH 3200 0
DWIDTH 32 0
BBX 32 64 0 0
BITMAP
0000000000000000
0000000000000000
0000000000000000
0000000000000000
0000000000000000
0000000000000000
0000000000000000
0000000000000000
0000000000000000
0000000000000000
0000000000000000
0000000000000000
0000000000000000
0000000000000000
0000000000000000
0000000000000000
0FF00FF000000000
0FF00FF000000000
0FF00FF000000000
0FF00FF000000000
0FF00FF000000000
0FF00FF000000000
0FF00FF000000000
0FF00FF000000000
0FF00FF000000000
0FF00FF000000000
0FF00FF000000000
0FF00FF000000000
0FF00FF000000000
0FF00FF000000000
0FF00FF000000000
0FF00FF000000000
0FF00FF000000000
0FF00FF000000000
0FF00FF000000000
0FF00FF000000000
0FF00FF000000000
0FF00FF000000000
0FF00FF000000000
0FF00FF000000000
00FFFFF000000000
00FFFFF000000000
00FFFFF000000000
00FFFFF000000000
00FFFFF000000000
00FFFFF000000000
00FFFFF000000000
00FFFFF000000000
0000FF0000000000
0000FF0000000000
0000FF0000000000
0000FF0000000000
0000FF0000000000
0000FF0000000000
0000FF0000000000
0000FF0000000000
0FFFF00000000000
0FFFF00000000000
0FFFF00000000000
0FFFF00000000000
0FFFF00000000000
0FFFF00000000000
0FFFF00000000000
0FFFF00000000000
ENDCHAR
STARTCHAR U+007A
ENCODING 122
SWIDTH 3200 0
DWIDTH 32 0
BBX 32 64 0 0
BITMAP
0000000000000000
0000000000000000
0000000000000000
0000000000000000
0000000000000000
0000000000000000
0000000000000000
0000000000000000
0000000000000000
0000000000000000
0000000000000000
0000000000000000
0000000000000000
0000000000000000
0000000000000000
0000000000000000
0FFFFFF000000000
0FFFFFF000000000
0FFFFFF000000000
0FFFFFF000000000
0FFFFFF000000000
0FFFFFF000000000
0FFFFFF000000000
0FFFFFF000000000
0000FF0000000000
0000FF0000000000
0000FF0000000000
0000FF0000000000
0000FF0000000000
0000FF0000000000
0000FF0000000000
0000FF0000000000
000FF00000000000
000FF00000000000
000FF00000000000
000FF00000000000
000FF00000000000
000FF00000000000
000FF00000000000
000FF00000000000
00FF000000000000
00FF000000000000
00FF000000000000
00FF000000000000
00FF000000000000
00FF000000000000
00FF000000000000
00FF000000000000
0FFFFFF000000000
0FFFFFF000000000
0FFFFFF000000000
0FFFFFF000000000
0FFFFFF000000000
0FFFFFF000000000
0FFFFFF000000000
0FFFFFF000000000
0000000000000000
0000000000000000
0000000000000000
0000000000000000
0000000000000000
0000000000000000
0000000000000000
0000000000000000
ENDCHAR
STARTCHAR U+007B
ENCODING 123
SWIDTH 3200 0
DWIDTH 32 0
BBX 32 64 0 0
BITMAP
000FFF0000000000
000FFF0000000000
000FFF0000000000
000FFF0000000000
000FFF0000000000
000FFF0000000000
000FFF0000000000
000FFF0000000000
00FF000000000000
00FF000000000000
00FF000000000000
00FF000000000000
00FF000000000000
00FF000000000000
00FF000000000000
00FF000000000000
00F0000000000000
00F0000000000000
00F0000000000000
00F0000000000000
00F0000000000000
00F0000000000000
00F0000000000000
00F0000000000000
0FF0000000000000
0FF0000000000000
0FF0000000000000
0FF0000000000000
0FF0000000000000
0FF0000000000000
0FF0000000000000
0FF0000000000000
00F0000000000000
00F0000000000000
00F0000000000000
00F0000000000000
00F0000000000000
00F0000000000000
00F0000000000000
00F0000000000000
00FF000000000000
00FF000000000000
00FF000000000000
00FF000000000000
00FF000000000000
00FF000000000000
00FF000000000000
00FF000000000000
000FFF0000000000
000FFF0000000000
000FFF0000000000
000FFF0000000000
000FFF0000000000
000FFF0000000000
000FFF0000000000
000FFF0000000000
0000000000000000
0000000000000000
0000000000000000
0000000000000000
0000000000000000
0000000000000000
0000000000000000
0000000000000000
ENDCHAR
STARTCHAR U+007C
ENCODING 124
SWIDTH 3200 0
DWIDTH 32 0
BBX 32 64 0 0
BITMAP
0000F00000000000
0000F00000000000
0000F00000000000
0000F00000000000
0000F00000000000
0000F00000000000
0000F00000000000
0000F00000000000
0000F00000000000
0000F00000000000
0000F00000000000
0000F00000000000
0000F00000000000
0000F00000000000
0000F00000000000
0000F00000000000
0000F00000000000
0000F00000000000
0000F00000000000
0000F00000000000
0000F00000000000
0000F00000000000
0000F00000000000
0000F00000000000
0000F00000000000
0000F00000000000
0000F00000000000
0000F00000000000
0000F00000000000
0000F00000000000
0000F00000000000
0000F00000000000
0000F00000000000
0000F00000000000
0000F00000000000
0000F00000000000
0000F00000000000
0000F00000000000
0000F00000000000
0000F00000000000
0000F00000000000
0000F00000000000
0000F00000000000
0000F00000000000
0000F00000000000
0000F00000000000
0000F00000000000
0000F00000000000
0000F00000000000
0000F00000000000
0000F00000000000
0000F00000000000
0000F00000000000
0000F00000000000
0000F00000000000
0000F00000000000
0000000000000000
0000000000000000
0000000000000000
0000000000000000
0000000000000000
0000000000000000
0000000000000000
0000000000000000
ENDCHAR
STARTCHAR U+007D
ENCODING 125
SWIDTH 3200 0
DWIDTH 32 0
BBX 32 64 0 0
BITMAP
00FFF00000000000
00FFF00000000000
00FFF00000000000
00FFF00000000000
00FFF00000000000
00FFF00000000000
00FFF00000000000
00FFF00000000000
0000FF0000000000
0000FF0000000000
0000FF0000000000
0000FF0000000000
0000FF0000000000
0000FF0000000000
0000FF0000000000
0000FF0000000000
00000F0000000000
00000F0000000000
00000F0000000000
00000F0000000000
00000F0000000000
00000F0000000000
00000F0000000000
00000F0000000000
00000FF000000000
00000FF000000000
00000FF000000000
00000FF000000000
00000FF000000000
00000FF000000000
00000FF000000000
00000FF000000000
00000F0000000000
00000F0000000000
00000F0000000000
00000F0000000000
00000F0000000000
00000F0000000000
00000F0000000000
00000F0000000000
0000FF0000000000
0000FF0000000000
0000FF0000000000
0000FF0000000000
0000FF0000000000
0000FF0000000000
0000FF0000000000
0000FF0000000000
00FFF00000000000
00FFF00000000000
00FFF00000000000
00FFF00000000000
00FFF00000000000
00FFF00000000000
00FFF00000000000
00FFF00000000000
0000000000000000
0000000000000000
0000000000000000
0000000000000000
0000000000000000
0000000000000000
0000000000000000
0000000000000000
ENDCHAR
STARTCHAR U+007E
ENCODING 126
SWIDTH 3200 0
DWIDTH 32 0
BBX 32 64 0 0
BITMAP
0000000000000000
0000000000000000
0000000000000000
0000000000000000
0000000000000000
0000000000000000
0000000000000000
0000000000000000
0FF0000F00000000
0FF0000F00000000
0FF0000F00000000
0FF0000F00000000
0FF0000F00000000
0FF0000F00000000
0FF0000F00000000
0FF0000F00000000
F00F00F000000000
F00F00F000000000
F00F00F000000000
F00F00F000000000
F00F00F000000000
F00F00F000000000
F00F00F000000000
F00F00F000000000
0000FF0000000000
0000FF0000000000
0000FF0000000000
0000FF0000000000
0000FF0000000000
0000FF0000000000
0000FF0000000000
0000FF0000000000
0000000000000000
0000000000000000
0000000000000000
0000000000000000
0000000000000000
0000000000000000
0000000000000000
0000000000000000
0000000000000000
0000000000000000
0000000000000000
0000000000000000
0000000000000000
0000000000000000
0000000000000000
0000000000000000
0000000000000000
0000000000000000
0000000000000000
0000000000000000
0000000000000000
0000000000000000
0000000000000000
0000000000000000
0000000000000000
0000000000000000
0000000000000000
0000000000000000
0000000000000000
0000000000000000
0000000000000000
0000000000000000
ENDCHAR
STARTCHAR U+2302
ENCODING 8962
SWIDTH 3200 0
DWIDTH 32 0
BBX 32 64 0 0
BITMAP
0000000000000000
0000000000000000
0000000000000000
0000000000000000
0000000000000000
0000000000000000
0000000000000000
0000000000000000
0000000000000000
0000000000000000
0000000000000000
0000000000000000
0000000000000000
0000000000000000
0000000000000000
0000000000000000
0000000000000000
0000000000000000
0000000000000000
0000000000000000
0000000000000000
0000000000000000
0000000000000000
0000000000000000
0000000000000000
0000000000000000
0000000000000000
0000000000000000
0000000000000000
0000000000000000
0000000000000000
0000000000000000
0000000000000000
0000000000000000
0000000000000000
0000000000000000
0000000000000000
0000000000000000
0000000000000000
0000000000000000
0000000000000000
0000000000000000
0000000000000000
0000000000000000
0000000000000000
0000000000000000
0000000000000000
0000000000000000
0000000000000000
0000000000000000
0000000000000000
0000000000000000
0000000000000000
0000000000000000
0000000000000000
0000000000000000
0000000000000000
0000000000000000
0000000000000000
0000000000000000
0000000000000000
0000000000000000
0000000000000000
0000000000000000
ENDCHAR
STARTCHAR U+00C7
ENCODING 199
SWIDTH 3200 0
DWIDTH 32 0
BBX 32 64 0 0
BITMAP
0000000000000000
0000000000000000
0000000000000000
0000000000000000
0000000000000000
0000000000000000
0000000000000000
0000000000000000
0000000000000000
0000000000000000
0000000000000000
0000000000000000
0000000000000000
0000000000000000
0000000000000000
0000000000000000
0000000000000000
0000000000000000
0000000000000000
0000000000000000
0000000000000000
0000000000000000
0000000000000000
0000000000000000
FFFFFFFF00000000
FFFFFFFF00000000
FFFFFFFF00000000
FFFFFFFF00000000
FFFFFFFF00000000
FFFFFFFF00000000
FFFFFFFF00000000
FFFFFFFF00000000
FFFFFFFF00000000
FFFFFFFF00000000
FFFFFFFF00000000
FFFFFFFF00000000
FFFFFFFF00000000
FFFFFFFF00000000
FFFFFFFF00000000
FFFFFFFF00000000
0000000000000000
0000000000000000
0000000000000000
0000000000000000
0000000000000000
0000000000000000
0000000000000000
0000000000000000
0000000000000000
0000000000000000
0000000000000000
0000000000000000
0000000000000000
0000000000000000
0000000000000000
0000000000000000
0000000000000000
0000000000000000
0000000000000000
0000000000000000
0000000000000000
0000000000000000
0000000000000000
0000000000000000
ENDCHAR
STARTCHAR U+00FC
ENCODING 252
SWIDTH 3200 0
DWIDTH 32 0
BBX 32 64 0 0
BITMAP
0000F00000000000
0000F00000000000
0000F00000000000
0000F00000000000
0000F00000000000
0000F00000000000
0000F00000000000
0000F00000000000
000FFF0000000000
000FFF0000000000
000FFF0000000000
000FFF0000000000
000FFF0000000000
000FFF0000000000
000FFF0000000000
000FFF0000000000
00FFFFF000000000
00FFFFF000000000
00FFFFF000000000
00FFFFF000000000
00FFFFF000000000
00FFFFF000000000
00FFFFF000000000
00FFFFF000000000
0FFFFFFF00000000
0FFFFFFF00000000
0FFFFFFF00000000
0FFFFFFF00000000
0FFFFFFF00000000
0FFFFFFF00000000
0FFFFFFF00000000
0FFFFFFF00000000
0FFFFFFF00000000
0FFFFFFF00000000
0FFFFFFF00000000
0FFFFFFF00000000
0FFFFFFF00000000
0FFFFFFF00000000
0FFFFFFF00000000
0FFFFFFF00000000
000FFF0000000000
000FFF0000000000
000FFF0000000000
000FFF0000000000
000FFF0000000000
000FFF0000000000
000FFF0000000000
000FFF0000000000
00FFFFF000000000
00FFFFF000000000
00FFFFF000000000
00FFFFF000000000
00FFFFF000000000
00FFFFF000000000
00FFFFF000000000
00FFFFF000000000
0000000000000000
0000000000000000
0000000000000000
0000000000000000
0000000000000000
0000000000000000
0000000000000000
0000000000000000
ENDCHAR
STARTCHAR U+00E9
ENCODING 233
SWIDTH 3200 0
DWIDTH 32 0
BBX 32 64 0 0
BITMAP
000FF00000000000
000FF00000000000
000FF00000000000
000FF00000000000
000FF00000000000
000FF00000000000
000FF00000000000
000FF00000000000
000FF00000000000
000FF00000000000
000FF00000000000
000FF00000000000
000FF00000000000
000FF00000000000
000FF00000000000
000FF00000000000
000FF00000000000
000FF00000000000
000FF00000000000
000FF00000000000
000FF00000000000
000FF00000000000
000FF00000000000
000FF00000000000
000FF00000000000
000FF00000000000
000FF00000000000
000FF00000000000
000FF00000000000
000FF00000000000
000FF00000000000
000FF00000000000
000FF00000000000
000FF00000000000
000FF00000000000
000FF00000000000
000FF00000000000
000FF00000000000
000FF00000000000
000FF00000000000
000FF00000000000
000FF00000000000
000FF00000000000
000FF00000000000
000FF00000000000
000FF00000000000
000FF00000000000
000FF00000000000
000FF00000000000
000FF00000000000
000FF00000000000
000FF00000000000
000FF00000000000
000FF00000000000
000FF00000000000
000FF00000000000
000FF00000000000
000FF00000000000
000FF00000000000
000FF00000000000
000FF00000000000
000FF00000000000
000FF00000000000
000FF00000000000
ENDCHAR
STARTCHAR U+00E2
ENCODING 226
SWIDTH 3200 0
DWIDTH 32 0
BBX 32 64 0 0
BITMAP
0000000000000000
0000000000000000
0000000000000000
0000000000000000
0000000000000000
0000000000000000
0000000000000000
0000000000000000
0000000000000000
0000000000000000
0000000000000000
0000000000000000
0000000000000000
0000000000000000
0000000000000000
0000000000000000
0000000000000000
0000000000000000
0000000000000000
0000000000000000
0000000000000000
0000000000000000
0000000000000000
0000000000000000
FFFFFFFF00000000
FFFFFFFF00000000
FFFFFFFF00000000
FFFFFFFF00000000
FFFFFFFF00000000
FFFFFFFF00000000
FFFFFFFF00000000
FFFFFFFF00000000
FFFFFFFF00000000
FFFFFFFF00000000
FFFFFFFF00000000
FFFFFFFF00000000
FFFFFFFF00000000
FFFFFFFF00000000
FFFFFFFF00000000
FFFFFFFF00000000
0000000000000000
0000000000000000
0000000000000000
0000000000000000
0000000000000000
0000000000000000
0000000000000000
0000000000000000
0000000000000000
0000000000000000
0000000000000000
0000000000000000
0000000000000000
0000000000000000
0000000000000000
0000000000000000
0000000000000000
0000000000000000
0000000000000000
0000000000000000
0000000000000000
0000000000000000
0000000000000000
0000000000000000
ENDCHAR
STARTCHAR U+00E4
ENCODING 228
SWIDTH 3200 0
DWIDTH 32 0
BBX 32 64 0 0
BITMAP
0000000000000000
0000000000000000
0000000000000000
0000000000000000
0000000000000000
0000000000000000
0000000000000000
0000000000000000
0000000000000000
0000000000000000
0000000000000000
0000000000000000
0000000000000000
0000000000000000
0000000000000000
0000000000000000
FFFFFFFF00000000
FFFFFFFF00000000
FFFFFFFF00000000
FFFFFFFF00000000
FFFFFFFF00000000
FFFFFFFF00000000
FFFFFFFF00000000
FFFFFFFF00000000
FFFFFFFF00000000
FFFFFFFF00000000
FFFFFFFF00000000
FFFFFFFF00000000
FFFFFFFF00000000
FFFFFFFF00000000
FFFFFFFF00000000
FFFFFFFF00000000
0000000000000000
0000000000000000
0000000000000000
0000000000000000
0000000000000000
0000000000000000
0000000000000000
0000000000000000
0000000000000000
0000000000000000
0000000000000000
0000000000000000
0000000000000000
0000000000000000
0000000000000000
0000000000000000
0000000000000000
0000000000000000
0000000000000000
0000000000000000
0000000000000000
0000000000000000
0000000000000000
0000000000000000
0000000000000000
0000000000000000
0000000000000000
0000000000000000
0000000000000000
0000000000000000
0000000000000000
0000000000000000
ENDCHAR
STARTCHAR U+00E0
ENCODING 224
SWIDTH 3200 0
DWIDTH 32 0
BBX 32 64 0 0
BITMAP
0000000000000000
0000000000000000
0000000000000000
0000000000000000
0000000000000000
0000000000000000
0000000000000000
0000000000000000
FFFFFFFF00000000
FFFFFFFF00000000
FFFFFFFF00000000
FFFFFFFF00000000
FFFFFFFF00000000
FFFFFFFF00000000
FFFFFFFF00000000
FFFFFFFF00000000
FFFFFFFF00000000
FFFFFFFF00000000
FFFFFFFF00000000
FFFFFFFF00000000
FFFFFFFF00000000
FFFFFFFF00000000
FFFFFFFF00000000
FFFFFFFF00000000
0000000000000000
0000000000000000
0000000000000000
0000000000000000
0000000000000000
0000000000000000
0000000000000000
0000000000000000
0000000000000000
0000000000000000
0000000000000000
0000000000000000
0000000000000000
0000000000000000
0000000000000000
0000000000000000
0000000000000000
0000000000000000
0000000000000000
0000000000000000
0000000000000000
0000000000000000
0000000000000000
0000000000000000
0000000000000000
0000000000000000
0000000000000000
0000000000000000
0000000000000000
0000000000000000
0000000000000000
0000000000000000
0000000000000000
0000000000000000
0000000000000000
0000000000000000
0000000000000000
0000000000000000
0000000000000000
0000000000000000
ENDCHAR
STARTCHAR U+00E5
ENCODING 229
SWIDTH 3200 0
DWIDTH 32 0
BBX 32 64 0 0
BITMAP
0000000000000000
0000000000000000
0000000000000000
0000000000000000
0000000000000000
0000000000000000
0000000000000000
0000000000000000
0000000000000000
0000000000000000
0000000000000000
0000000000000000
0000000000000000
0000000000000000
0000000000000000
0000000000000000
0000000000000000
0000000000000000
0000000000000000
0000000000000000
0000000000000000
0000000000000000
0000000000000000
0000000000000000
0000000000000000
0000000000000000
0000000000000000
0000000000000000
0000000000000000
0000000000000000
0000000000000000
0000000000000000
FFFFFFFF00000000
FFFFFFFF00000000
FFFFFFFF00000000
FFFFFFFF00000000
FFFFFFFF00000000
FFFFFFFF00000000
FFFFFFFF00000000
FFFFFFFF00000000
FFFFFFFF00000000
FFFFFFFF00000000
FFFFFFFF00000000
FFFFFFFF00000000
FFFFFFFF00000000
FFFFFFFF00000000
FFFFFFFF00000000
FFFFFFFF00000000
0000000000000000
0000000000000000
0000000000000000
0000000000000000
0000000000000000
0000000000000000
0000000000000000
0000000000000000
0000000000000000
0000000000000000
0000000000000000
0000000000000000
0000000000000000
0000000000000000
0000000000000000
0000000000000000
ENDCHAR
STARTCHAR U+00E7
ENCODING 231
SWIDTH 3200 0
DWIDTH 32 0
BBX 32 64 0 0
BITMAP
00FF000000000000
00FF000000000000
00FF000000000000
00FF000000000000
00FF000000000000
00FF000000000000
00FF000000000000
00FF000000000000
00FF000000000000
00FF000000000000
00FF000000000000
00FF000000000000
00FF000000000000
00FF000000000000
00FF000000000000
00FF000000000000
00FF000000000000
00FF000000000000
00FF000000000000
00FF000000000000
00FF000000000000
00FF000000000000
00FF000000000000
00FF000000000000
00FF000000000000
00FF000000000000
00FF000000000000
00FF000000000000
00FF000000000000
00FF000000000000
00FF000000000000
00FF000000000000
00FF000000000000
00FF000000000000
00FF000000000000
00FF000000000000
00FF000000000000
00FF000000000000
00FF000000000000
00FF000000000000
00FF000000000000
00FF000000000000
00FF000000000000
00FF000000000000
00FF000000000000
00FF000000000000
00FF000000000000
00FF000000000000
00FF000000000000
00FF000000000000
00FF000000000000
00FF000000000000
00FF000000000000
00FF000000000000
00FF000000000000
00FF000000000000
00FF000000000000
00FF000000000000
00FF000000000000
00FF000000000000
00FF000000000000
00FF000000000000
00FF000000000000
00FF000000000000
ENDCHAR
STARTCHAR U+00EA
ENCODING 234
SWIDTH 3200 0
DWIDTH 32 0
BBX 32 64 0 0
BITMAP
0000FF0000000000
0000FF0000000000
0000FF0000000000
0000FF0000000000
0000FF0000000000
0000FF0000000000
0000FF0000000000
0000FF0000000000
0000FF0000000000
0000FF0000000000
0000FF0000000000
0000FF0000000000
0000FF0000000000
0000FF0000000000
0000FF0000000000
0000FF0000000000
0000FF0000000000
0000FF0000000000
0000FF0000000000
0000FF0000000000
0000FF0000000000
0000FF0000000000
0000FF0000000000
0000FF0000000000
0000FF0000000000
0000FF0000000000
0000FF0000000000
0000FF0000000000
0000FF0000000000
0000FF0000000000
0000FF0000000000
0000FF0000000000
0000FF0000000000
0000FF0000000000
0000FF0000000000
0000FF0000000000
0000FF0000000000
0000FF0000000000
0000FF0000000000
0000FF0000000000
0000FF0000000000
0000FF0000000000
0000FF0000000000
0000FF0000000000
0000FF0000000000
0000FF0000000000
0000FF0000000000
0000FF0000000000
0000FF0000000000
0000FF0000000000
0000FF0000000000
0000FF0000000000
0000FF0000000000
0000FF0000000000
0000FF0000000000
0000FF0000000000
0000FF0000000000
0000FF0000000000
0000FF0000000000
0000FF0000000000
0000FF0000000000
0000FF0000000000
0000FF0000000000
0000FF0000000000
ENDCHAR
STARTCHAR U+00EB
ENCODING 235
SWIDTH 3200 0
DWIDTH 32 0
BBX 32 64 0 0
BITMAP
0000000000000000
0000000000000000
0000000000000000
0000000000000000
0000000000000000
0000000000000000
0000000000000000
0000000000000000
0000000000000000
0000000000000000
0000000000000000
0000000000000000
0000000000000000
0000000000000000
0000000000000000
0000000000000000
0000000000000000
0000000000000000
0000000000000000
0000000000000000
0000000000000000
0000000000000000
0000000000000000
0000000000000000
FFF0000000000000
FFF0000000000000
FFF0000000000000
FFF0000000000000
FFF0000000000000
FFF0000000000000
FFF0000000000000
FFF0000000000000
FFFF000000000000
FFFF000000000000
FFFF000000000000
FFFF000000000000
FFFF000000000000
FFFF000000000000
FFFF000000000000
FFFF000000000000
00FFF00000000000
00FFF00000000000
00FFF00000000000
00FFF00000000000
00FFF00000000000
00FFF00000000000
00FFF00000000000
00FFF00000000000
000FF00000000000
000FF00000000000
000FF00000000000
000FF00000000000
000FF00000000000
000FF00000000000
000FF00000000000
000FF00000000000
000FF00000000000
000FF00000000000
000FF00000000000
000FF00000000000
000FF00000000000
000FF00000000000
000FF00000000000
000FF00000000000
ENDCHAR
STARTCHAR U+00E8
ENCODING 232
SWIDTH 3200 0
DWIDTH 32 0
BBX 32 64 0 0
BITMAP
000FF00000000000
000FF00000000000
000FF00000000000
000FF00000000000
000FF00000000000
000FF00000000000
000FF00000000000
000FF00000000000
000FF00000000000
000FF00000000000
000FF00000000000
000FF00000000000
000FF00000000000
000FF00000000000
000FF00000000000
000FF00000000000
000FFF0000000000
000FFF0000000000
000FFF0000000000
000FFF0000000000
000FFF0000000000
000FFF0000000000
000FFF0000000000
000FFF0000000000
0000FFFF00000000
0000FFFF00000000
0000FFFF00000000
0000FFFF00000000
0000FFFF00000000
0000FFFF00000000
0000FFFF00000000
0000FFFF00000000
00000FFF00000000
00000FFF00000000
00000FFF00000000
00000FFF00000000
00000FFF00000000
00000FFF00000000
00000FFF00000000
00000FFF00000000
0000000000000000
0000000000000000
0000000000000000
0000000000000000
0000000000000000
0000000000000000
0000000000000000
0000000000000000
0000000000000000
0000000000000000
0000000000000000
0000000000000000
0000000000000000
0000000000000000
0000000000000000
0000000000000000
0000000000000000
0000000000000000
0000000000000000
0000000000000000
0000000000000000
0000000000000000
0000000000000000
0000000000000000
ENDCHAR
STARTCHAR U+00EF
ENCODING 239
SWIDTH 3200 0
DWIDTH 32 0
BBX 32 64 0 0
BITMAP
000FF00000000000
000FF00000000000
000FF00000000000
000FF00000000000
000FF00000000000
000FF00000000000
000FF00000000000
000FF00000000000
000FF00000000000
000FF00000000000
000FF00000000000
000FF00000000000
000FF00000000000
000FF00000000000
000FF00000000000
000FF00000000000
00FFF00000000000
00FFF00000000000
00FFF00000000000
00FFF00000000000
00FFF00000000000
00FFF00000000000
00FFF00000000000
00FFF00000000000
FFFF000000000000
FFFF000000000000
FFFF000000000000
FFFF000000000000
FFFF000000000000
FFFF000000000000
FFFF000000000000
FFFF000000000000
FFF0000000000000
FFF0000000000000
FFF0000000000000
FFF0000000000000
FFF0000000000000
FFF0000000000000
FFF0000000000000
FFF0000000000000
0000000000000000
0000000000000000
0000000000000000
0000000000000000
0000000000000000
0000000000000000
0000000000000000
0000000000000000
0000000000000000
0000000000000000
0000000000000000
0000000000000000
0000000000000000
0000000000000000
0000000000000000
0000000000000000
0000000000000000
0000000000000000
0000000000000000
0000000000000000
0000000000000000
0000000000000000
0000000000000000
0000000000000000
ENDCHAR
STARTCHAR U+00EE
ENCODING 238
SWIDTH 3200 0
DWIDTH 32 0
BBX 32 64 0 0
BITMAP
FF00000000000000
FF00000000000000
FF00000000000000
FF00000000000000
FF00000000000000
FF00000000000000
FF00000000000000
FF00000000000000
FF00000000000000
FF00000000000000
FF00000000000000
FF00000000000000
FF00000000000000
FF00000000000000
FF00000000000000
FF00000000000000
FF00000000000000
FF00000000000000
FF00000000000000
FF00000000000000
FF00000000000000
FF00000000000000
FF00000000000000
FF00000000000000
FF00000000000000
FF00000000000000
FF00000000000000
FF00000000000000
FF00000000000000
FF00000000000000
FF00000000000000
FF00000000000000
FF00000000000000
FF00000000000000
FF00000000000000
FF00000000000000
FF00000000000000
FF00000000000000
FF00000000000000
FF00000000000000
FF00000000000000
FF00000000000000
FF00000000000000
FF00000000000000
FF00000000000000
FF00000000000000
FF00000000000000
FF00000000000000
FFFFFFFF00000000
FFFFFFFF00000000
FFFFFFFF00000000
FFFFFFFF00000000
FFFFFFFF00000000
FFFFFFFF00000000
FFFFFFFF00000000
FFFFFFFF00000000
FFFFFFFF00000000
FFFFFFFF00000000
FFFFFFFF00000000
FFFFFFFF00000000
FFFFFFFF00000000
FFFFFFFF00000000
FFFFFFFF00000000
FFFFFFFF00000000
ENDCHAR
STARTCHAR U+00EC
ENCODING 236
SWIDTH 3200 0
DWIDTH 32 0
BBX 32 64 0 0
BITMAP
FF00000000000000
FF00000000000000
FF00000000000000
FF00000000000000
FF00000000000000
FF00000000000000
FF00000000000000
FF00000000000000
FFF0000000000000
FFF0000000000000
FFF0000000000000
FFF0000000000000
FFF0000000000000
FFF0000000000000
FFF0000000000000
FFF0000000000000
0FFF000000000000
0FFF000000000000
0FFF000000000000
0FFF000000000000
0FFF000000000000
0FFF000000000000
0FFF000000000000
0FFF000000000000
00FFF00000000000
00FFF00000000000
00FFF00000000000
00FFF00000000000
00FFF00000000000
00FFF00000000000
00FFF00000000000
00FFF00000000000
000FFF0000000000
000FFF0000000000
000FFF0000000000
000FFF0000000000
000FFF0000000000
000FFF0000000000
000FFF0000000000
000FFF0000000000
0000FFF000000000
0000FFF000000000
0000FFF000000000
0000FFF000000000
0000FFF000000000
0000FFF000000000
0000FFF000000000
0000FFF000000000
00000FFF00000000
00000FFF00000000
00000FFF00000000
00000FFF00000000
00000FFF00000000
00000FFF00000000
00000FFF00000000
00000FFF00000000
000000FF00000000
000000FF00000000
000000FF00000000
000000FF00000000
000000FF00000000
000000FF00000000
000000FF00000000
000000FF00000000
ENDCHAR
STARTCHAR U+00C4
ENCODING 196
SWIDTH 3200 0
DWIDTH 32 0
BBX 32 64 0 0
BITMAP
000000FF00000000
000000FF00000000
000000FF00000000
000000FF00000000
000000FF00000000
000000FF00000000
000000FF00000000
000000FF00000000
00000FFF00000000
00000FFF00000000
00000FFF00000000
00000FFF00000000
00000FFF00000000
00000FFF00000000
00000FFF00000000
00000FFF00000000
0000FFF000000000
0000FFF000000000
0000FFF000000000
0000FFF000000000
0000FFF000000000
0000FFF000000000
0000FFF000000000
0000FFF000000000
000FFF0000000000
000FFF0000000000
000FFF0000000000
000FFF0000000000
000FFF0000000000
000FFF0000000000
000FFF0000000000
000FFF0000000000
00FFF00000000000
00FFF00000000000
00FFF00000000000
00FFF00000000000
00FFF00000000000
00FFF00000000000
00FFF00000000000
00FFF00000000000
0FFF000000000000
0FFF000000000000
0FFF000000000000
0FFF000000000000
0FFF000000000000
0FFF000000000000
0FFF000000000000
0FFF000000000000
FFF0000000000000
FFF0000000000000
FFF0000000000000
FFF0000000000000
FFF0000000000000
FFF0000000000000
FFF0000000000000
FFF0000000000000
FF00000000000000
FF00000000000000
FF00000000000000
FF00000000000000
FF00000000000000
FF00000000000000
FF00000000000000
FF00000000000000
ENDCHAR
STARTCHAR U+00C5
ENCODING 197
SWIDTH 3200 0
DWIDTH 32 0
BBX 32 64 0 0
BITMAP
FFFFFFFF00000000
FFFFFFFF00000000
FFFFFFFF00000000
FFFFFFFF00000000
FFFFFFFF00000000
FFFFFFFF00000000
FFFFFFFF00000000
FFFFFFFF00000000
FFFFFFFF00000000
FFFFFFFF00000000
FFFFFFFF00000000
FFFFFFFF00000000
FFFFFFFF00000000
FFFFFFFF00000000
FFFFFFFF00000000
FFFFFFFF00000000
FF00000000000000
FF00000000000000
FF00000000000000
FF00000000000000
FF00000000000000
FF00000000000000
FF00000000000000
FF00000000000000
FF00000000000000
FF00000000000000
FF00000000000000
FF00000000000000
FF00000000000000
FF00000000000000
FF00000000000000
FF00000000000000
FF00000000000000
FF00000000000000
FF00000000000000
FF00000000000000
FF00000000000000
FF00000000000000
FF00000000000000
FF00000000000000
FF00000000000000
FF00000000000000
FF00000000000000
FF00000000000000
FF00000000000000
FF00000000000000
FF00000000000000
FF00000000000000
FF00000000000000
FF00000000000000
FF00000000000000
FF00000000000000
FF00000000000000
FF00000000000000
FF00000000000000
FF00000000000000
FF00000000000000
FF00000000000000
FF00000000000000
FF00000000000000
FF00000000000000
FF00000000000000
FF00000000000000
FF00000000000000
ENDCHAR
STARTCHAR U+00C9
ENCODING 201
SWIDTH 3200 0
DWIDTH 32 0
BBX 32 64 0 0
BITMAP
FFFFFFFF00000000
FFFFFFFF00000000
FFFFFFFF00000000
FFFFFFFF00000000
FFFFFFFF00000000
FFFFFFFF00000000
FFFFFFFF00000000
FFFFFFFF00000000
FFFFFFFF00000000
FFFFFFFF00000000
FFFFFFFF00000000
FFFFFFFF00000000
FFFFFFFF00000000
FFFFFFFF00000000
FFFFFFFF00000000
FFFFFFFF00000000
000000FF00000000
000000FF00000000
000000FF00000000
000000FF00000000
000000FF00000000
000000FF00000000
000000FF00000000
000000FF00000000
000000FF00000000
000000FF00000000
000000FF00000000
000000FF00000000
000000FF00000000
000000FF00000000
000000FF00000000
000000FF00000000
000000FF00000000
000000FF00000000
000000FF00000000
000000FF00000000
000000FF00000000
000000FF00000000
000000FF00000000
000000FF00000000
000000FF00000000
000000FF00000000
000000FF00000000
000000FF00000000
000000FF00000000
000000FF00000000
000000FF00000000
000000FF00000000
000000FF00000000
000000FF00000000
000000FF00000000
000000FF00000000
000000FF00000000
000000FF00000000
000000FF00000000
000000FF00000000
000000FF00000000
000000FF00000000
000000FF00000000
000000FF00000000
000000FF00000000
000000FF00000000
000000FF00000000
000000FF00000000
ENDCHAR
STARTCHAR U+00E6
ENCODING 230
SWIDTH 3200 0
DWIDTH 32 0
BBX 32 64 0 0
BITMAP
0000000000000000
0000000000000000
0000000000000000
0000000000000000
0000000000000000
0000000000000000
0000000000000000
0000000000000000
00FFFF0000000000
00FFFF0000000000
00FFFF0000000000
00FFFF0000000000
00FFFF0000000000
00FFFF0000000000
00FFFF0000000000
00FFFF0000000000
0FFFFFF000000000
0FFFFFF000000000
0FFFFFF000000000
0FFFFFF000000000
0FFFFFF000000000
0FFFFFF000000000
0FFFFFF000000000
0FFFFFF000000000
0FFFFFF000000000
0FFFFFF000000000
0FFFFFF000000000
0FFFFFF000000000
0FFFFFF000000000
0FFFFFF000000000
0FFFFFF000000000
0FFFFFF000000000
0FFFFFF000000000
0FFFFFF000000000
0FFFFFF000000000
0FFFFFF000000000
0FFFFFF000000000
0FFFFFF000000000
0FFFFFF000000000
0FFFFFF000000000
0FFFFFF000000000
0FFFFFF000000000
0FFFFFF000000000
0FFFFFF000000000
0FFFFFF000000000
0FFFFFF000000000
0FFFFFF000000000
0FFFFFF000000000
00FFFF0000000000
00FFFF0000000000
00FFFF0000000000
00FFFF0000000000
00FFFF0000000000
00FFFF0000000000
00FFFF0000000000
00FFFF0000000000
0000000000000000
0000000000000000
0000000000000000
0000000000000000
0000000000000000
0000000000000000
0000000000000000
0000000000000000
ENDCHAR
STARTCHAR U+00C6
ENCODING 198
SWIDTH 3200 0
DWIDTH 32 0
BBX 32 64 0 0
BITMAP
0000000000000000
0000000000000000
0000000000000000
0000000000000000
0000000000000000
0000000000000000
0000000000000000
0000000000000000
0000000000000000
0000000000000000
0000000000000000
0000000000000000
0000000000000000
0000000000000000
0000000000000000
0000000000000000
0000000000000000
0000000000000000
0000000000000000
0000000000000000
0000000000000000
0000000000000000
0000000000000000
0000000000000000
0000000000000000
0000000000000000
0000000000000000
0000000000000000
0000000000000000
0000000000000000
0000000000000000
0000000000000000
0000000000000000
0000000000000000
0000000000000000
0000000000000000
0000000000000000
0000000000000000
0000000000000000
0000000000000000
FFFFFFFF00000000
FFFFFFFF00000000
FFFFFFFF00000000
FFFFFFFF00000000
FFFFFFFF00000000
FFFFFFFF00000000
FFFFFFFF00000000
FFFFFFFF00000000
FFFFFFFF00000000
FFFFFFFF00000000
FFFFFFFF00000000
FFFFFFFF00000000
FFFFFFFF00000000
FFFFFFFF00000000
FFFFFFFF00000000
FFFFFFFF00000000
0000000000000000
0000000000000000
0000000000000000
0000000000000000
0000000000000000
0000000000000000
0000000000000000
0000000000000000
ENDCHAR
STARTCHAR U+00F4
ENCODING 244
SWIDTH 3200 0
DWIDTH 32 0
BBX 32 64 0 0
BITMAP
00FF0FF000000000
00FF0FF000000000
00FF0FF000000000
00FF0FF000000000
00FF0FF000000000
00FF0FF000000000
00FF0FF000000000
00FF0FF000000000
0FFFFFFF00000000
0FFFFFFF00000000
0FFFFFFF00000000
0FFFFFFF00000000
0FFFFFFF00000000
0FFFFFFF00000000
0FFFFFFF00000000
0FFFFFFF00000000
0FFFFFFF00000000
0FFFFFFF00000000
0FFFFFFF00000000
0FFFFFFF00000000
0FFFFFFF00000000
0FFFFFFF00000000
0FFFFFFF00000000
0FFFFFFF00000000
0FFFFFFF00000000
0FFFFFFF00000000
0FFFFFFF00000000
0FFFFFFF00000000
0FFFFFFF00000000
0FFFFFFF00000000
0FFFFFFF00000000
0FFFFFFF00000000
00FFFFF000000000
00FFFFF000000000
00FFFFF000000000
00FFFFF000000000
00FFFFF000000000
00FFFFF000000000
00FFFFF000000000
00FFFFF000000000
000FFF0000000000
000FFF0000000000
000FFF0000000000
000FFF0000000000
000FFF0000000000
000FFF0000000000
000FFF0000000000
000FFF0000000000
0000F00000000000
0000F00000000000
0000F00000000000
0000F00000000000
0000F00000000000
0000F00000000000
0000F00000000000
0000F00000000000
0000000000000000
0000000000000000
0000000000000000
0000000000000000
0000000000000000
0000000000000000
0000000000000000
0000000000000000
ENDCHAR
STARTCHAR U+00F6
ENCODING 246
SWIDTH 3200 0
DWIDTH 32 0
BBX 32 64 0 0
BITMAP
0FF0000000000000
0FF0000000000000
0FF0000000000000
0FF0000000000000
0FF0000000000000
0FF0000000000000
0FF0000000000000
0FF0000000000000
0FF0000000000000
0FF0000000000000
0FF0000000000000
0FF0000000000000
0FF0000000000000
0FF0000000000000
0FF0000000000000
0FF0000000000000
0FF0000000000000
0FF0000000000000
0FF0000000000000
0FF0000000000000
0FF0000000000000
0FF0000000000000
0FF0000000000000
0FF0000000000000
0FF0000000000000
0FF0000000000000
0FF0000000000000
0FF0000000000000
0FF0000000000000
0FF0000000000000
0FF0000000000000
0FF0000000000000
0FF0000000000000
0FF0000000000000
0FF0000000000000
0FF0000000000000
0FF0000000000000
0FF0000000000000
0FF0000000000000
0FF0000000000000
0FF0000000000000
0FF0000000000000
0FF0000000000000
0FF0000000000000
0FF0000000000000
0FF0000000000000
0FF0000000000000
0FF0000000000000
0FF0000000000000
0FF0000000000000
0FF0000000000000
0FF0000000000000
0FF0000000000000
0FF0000000000000
0FF0000000000000
0FF0000000000000
0FF0000000000000
0FF0000000000000
0FF0000000000000
0FF0000000000000
0FF0000000000000
0FF0000000000000
0FF0000000000000
0FF0000000000000
ENDCHAR
STARTCHAR U+00F2
ENCODING 242
SWIDTH 3200 0
DWIDTH 32 0
BBX 32 64 0 0
BITMAP
0000000000000000
0000000000000000
0000000000000000
0000000000000000
0000000000000000
0000000000000000
0000000000000000
0000000000000000
0000000000000000
0000000000000000
0000000000000000
0000000000000000
0000000000000000
0000000000000000
0000000000000000
0000000000000000
0000000000000000
0000000000000000
0000000000000000
0000000000000000
0000000000000000
0000000000000000
0000000000000000
0000000000000000
00000FFF00000000
00000FFF00000000
00000FFF00000000
00000FFF00000000
00000FFF00000000
00000FFF00000000
00000FFF00000000
00000FFF00000000
0000FFFF00000000
0000FFFF00000000
0000FFFF00000000
0000FFFF00000000
0000FFFF00000000
0000FFFF00000000
0000FFFF00000000
0000FFFF00000000
000FFF0000000000
000FFF0000000000
000FFF0000000000
000FFF0000000000
000FFF0000000000
000FFF0000000000
000FFF0000000000
000FFF0000000000
000FF00000000000
000FF00000000000
000FF00000000000
000FF00000000000
000FF00000000000
000FF00000000000
000FF00000000000
000FF00000000000
000FF00000000000
000FF00000000000
000FF00000000000
000FF00000000000
000FF00000000000
000FF00000000000
000FF00000000000
000FF00000000000
ENDCHAR
STARTCHAR U+00FB
ENCODING 251
SWIDTH 3200 0
DWIDTH 32 0
BBX 32 64 0 0
BITMAP
FF0000FF00000000
FF0000FF00000000
FF0000FF00000000
FF0000FF00000000
FF0000FF00000000
FF0000FF00000000
FF0000FF00000000
FF0000FF00000000
FFF00FFF00000000
FFF00FFF00000000
FFF00FFF00000000
FFF00FFF00000000
FFF00FFF00000000
FFF00FFF00000000
FFF00FFF00000000
FFF00FFF00000000
0FFFFFF000000000
0FFFFFF000000000
0FFFFFF000000000
0FFFFFF000000000
0FFFFFF000000000
0FFFFFF000000000
0FFFFFF000000000
0FFFFFF000000000
00FFFF0000000000
00FFFF0000000000
00FFFF0000000000
00FFFF0000000000
00FFFF0000000000
00FFFF0000000000
00FFFF0000000000
00FFFF0000000000
00FFFF0000000000
00FFFF0000000000
00FFFF0000000000
00FFFF0000000000
00FFFF0000000000
00FFFF0000000000
00FFFF0000000000
00FFFF0000000000
0FFFFFF000000000
0FFFFFF000000000
0FFFFFF000000000
0FFFFFF000000000
0FFFFFF000000000
0FFFFFF000000000
0FFFFFF000000000
0FFFFFF000000000
FFF00FFF00000000
FFF00FFF00000000
FFF00FFF00000000
FFF00FFF00000000
FFF00FFF00000000
FFF00FFF00000000
FFF00FFF00000000
FFF00FFF00000000
FF0000FF00000000
FF0000FF00000000
FF0000FF00000000
FF0000FF00000000
FF0000FF00000000
FF0000FF00000000
FF0000FF00000000
FF0000FF00000000
ENDCHAR
STARTCHAR U+00F9
ENCODING 249
SWIDTH 3200 0
DWIDTH 32 0
BBX 32 64 0 0
BITMAP
0000000000000000
0000000000000000
0000000000000000
0000000000000000
0000000000000000
0000000000000000
0000000000000000
0000000000000000
00FFFF0000000000
00FFFF0000000000
00FFFF0000000000
00FFFF0000000000
00FFFF0000000000
00FFFF0000000000
00FFFF0000000000
00FFFF0000000000
0FFFFFF000000000
0FFFFFF000000000
0FFFFFF000000000
0FFFFFF000000000
0FFFFFF000000000
0FFFFFF000000000
0FFFFFF000000000
0FFFFFF000000000
0FF00FF000000000
0FF00FF000000000
0FF00FF000000000
0FF00FF000000000
0FF00FF000000000
0FF00FF000000000
0FF00FF000000000
0FF00FF000000000
0FF00FF000000000
0FF00FF000000000
0FF00FF000000000
0FF00FF000000000
0FF00FF000000000
0FF00FF000000000
0FF00FF000000000
0FF00FF000000000
0FFFFFF000000000
0FFFFFF000000000
0FFFFFF000000000
0FFFFFF000000000
0FFFFFF000000000
0FFFFFF000000000
0FFFFFF000000000
0FFFFFF000000000
00FFFF0000000000
00FFFF0000000000
00FFFF0000000000
00FFFF0000000000
00FFFF0000000000
00FFFF0000000000
00FFFF0000000000
00FFFF0000000000
0000000000000000
0000000000000000
0000000000000000
0000000000000000
0000000000000000
0000000000000000
0000000000000000
0000000000000000
ENDCHAR
STARTCHAR U+00FF
ENCODING 255
SWIDTH 3200 0
DWIDTH 32 0
BBX 32 64 0 0
BITMAP
000FF00000000000
000FF00000000000
000FF00000000000
000FF00000000000
000FF00000000000
000FF00000000000
000FF00000000000
000FF00000000000
000FF00000000000
000FF00000000000
000FF00000000000
000FF00000000000
000FF00000000000
000FF00000000000
000FF00000000000
000FF00000000000
0FF00FF000000000
0FF00FF000000000
0FF00FF000000000
0FF00FF000000000
0FF00FF000000000
0FF00FF000000000
0FF00FF000000000
0FF00FF000000000
0FF00FF000000000
0FF00FF000000000
0FF00FF000000000
0FF00FF000000000
0FF00FF000000000
0FF00FF000000000
0FF00FF000000000
0FF00FF000000000
000FF00000000000
000FF00000000000
000FF00000000000
000FF00000000000
000FF00000000000
000FF00000000000
000FF00000000000
000FF00000000000
000FF00000000000
000FF00000000000
000FF00000000000
000FF00000000000
000FF00000000000
000FF00000000000
000FF00000000000
000FF00000000000
00FFFF0000000000
00FFFF0000000000
00FFFF0000000000
00FFFF0000000000
00FFFF0000000000
00FFFF0000000000
00FFFF0000000000
00FFFF0000000000
0000000000000000
0000000000000000
0000000000000000
0000000000000000
0000000000000000
0000000000000000
0000000000000000
0000000000000000
ENDCHAR
STARTCHAR U+00D6
ENCODING 214
SWIDTH 3200 0
DWIDTH 32 0
BBX 32 64 0 0
BITMAP
00000FF000000000
00000FF000000000
00000FF000000000
00000FF000000000
00000FF000000000
00000FF000000000
00000FF000000000
00000FF000000000
00000FF000000000
00000FF000000000
00000FF000000000
00000FF000000000
00000FF000000000
00000FF000000000
00000FF000000000
00000FF000000000
00000FF000000000
00000FF000000000
00000FF000000000
00000FF000000000
00000FF000000000
00000FF000000000
00000FF000000000
00000FF000000000
00000FF000000000
00000FF000000000
00000FF000000000
00000FF000000000
00000FF000000000
00000FF000000000
00000FF000000000
00000FF000000000
00000FF000000000
00000FF000000000
00000FF000000000
00000FF000000000
00000FF000000000
00000FF000000000
00000FF000000000
00000FF000000000
00000FF000000000
00000FF000000000
00000FF000000000
00000FF000000000
00000FF000000000
00000FF000000000
00000FF000000000
00000FF000000000
00000FF000000000
00000FF000000000
00000FF000000000
00000FF000000000
00000FF000000000
00000FF000000000
00000FF000000000
00000FF000000000
00000FF000000000
00000FF000000000
00000FF000000000
00000FF000000000
00000FF000000000
00000FF000000000
00000FF000000000
00000FF000000000
ENDCHAR
STARTCHAR U+00DC
ENCODING 220
SWIDTH 3200 0
DWIDTH 32 0
BBX 32 64 0 0
BITMAP
0000F00000000000
0000F00000000000
0000F00000000000
0000F00000000000
0000F00000000000
0000F00000000000
0000F00000000000
0000F00000000000
000FFF0000000000
000FFF0000000000
000FFF0000000000
000FFF0000000000
000FFF0000000000
000FFF0000000000
000FFF0000000000
000FFF0000000000
00FFFFF000000000
00FFFFF000000000
00FFFFF000000000
00FFFFF000000000
00FFFFF000000000
00FFFFF000000000
00FFFFF000000000
00FFFFF000000000
0FFFFFFF00000000
0FFFFFFF00000000
0FFFFFFF00000000
0FFFFFFF00000000
0FFFFFFF00000000
0FFFFFFF00000000
0FFFFFFF00000000
0FFFFFFF00000000
00FFFFF000000000
00FFFFF000000000
00FFFFF000000000
00FFFFF000000000
00FFFFF000000000
00FFFFF000000000
00FFFFF000000000
00FFFFF000000000
000FFF0000000000
000FFF0000000000
000FFF0000000000
000FFF0000000000
000FFF0000000000
000FFF0000000000
000FFF0000000000
000FFF0000000000
0000F00000000000
0000F00000000000
0000F00000000000
0000F00000000000
0000F00000000000
0000F00000000000
0000F00000000000
0000F00000000000
0000000000000000
0000000000000000
0000000000000000
0000000000000000
0000000000000000
0000000000000000
0000000000000000
0000000000000000
ENDCHAR
STARTCHAR U+00A2
ENCODING 162
SWIDTH 3200 0
DWIDTH 32 0
BBX 32 64 0 0
BITMAP
000FF00000000000
000FF00000000000
000FF00000000000
000FF00000000000
000FF00000000000
000FF00000000000
000FF00000000000
000FF00000000000
000FF00000000000
000FF00000000000
000FF00000000000
000FF00000000000
000FF00000000000
000FF00000000000
000FF00000000000
000FF00000000000
000FF00000000000
000FF00000000000
000FF00000000000
000FF00000000000
000FF00000000000
000FF00000000000
000FF00000000000
000FF00000000000
FFFFFFFF00000000
FFFFFFFF00000000
FFFFFFFF00000000
FFFFFFFF00000000
FFFFFFFF00000000
FFFFFFFF00000000
FFFFFFFF00000000
FFFFFFFF00000000
FFFFFFFF00000000
FFFFFFFF00000000
FFFFFFFF00000000
FFFFFFFF00000000
FFFFFFFF00000000
FFFFFFFF00000000
FFFFFFFF00000000
FFFFFFFF00000000
000FF00000000000
000FF00000000000
000FF00000000000
000FF00000000000
000FF00000000000
000FF00000000000
000FF00000000000
000FF00000000000
000FF00000000000
000FF00000000000
000FF00000000000
000FF00000000000
000FF00000000000
000FF00000000000
000FF00000000000
000FF00000000000
000FF00000000000
000FF00000000000
000FF00000000000
000FF00000000000
000FF00000000000
000FF00000000000
000FF00000000000
000FF00000000000
ENDCHAR
STARTCHAR U+00A3
ENCODING 163
SWIDTH 3200 0
DWIDTH 32 0
BBX 32 64 0 0
BITMAP
FF00000000000000
FF00000000000000
FF00000000000000
FF00000000000000
FF00000000000000
FF00000000000000
FF00000000000000
FF00000000000000
FF00000000000000
FF00000000000000
FF00000000000000
FF00000000000000
FF00000000000000
FF00000000000000
FF00000000000000
FF00000000000000
00FF000000000000
00FF000000000000
00FF000000000000
00FF000000000000
00FF000000000000
00FF000000000000
00FF000000000000
00FF000000000000
00FF000000000000
00FF000000000000
00FF000000000000
00FF000000000000
00FF000000000000
00FF000000000000
00FF000000000000
00FF000000000000
FF00000000000000
FF00000000000000
FF00000000000000
FF00000000000000
FF00000000000000
FF00000000000000
FF00000000000000
FF00000000000000
FF00000000000000
FF00000000000000
FF00000000000000
FF00000000000000
FF00000000000000
FF00000000000000
FF00000000000000
FF00000000000000
00FF000000000000
00FF000000000000
00FF000000000000
00FF000000000000
00FF000000000000
00FF000000000000
00FF000000000000
00FF000000000000
00FF000000000000
00FF000000000000
00FF000000000000
00FF000000000000
00FF000000000000
00FF000000000000
00FF000000000000
00FF000000000000
ENDCHAR
STARTCHAR U+00A5
ENCODING 165
SWIDTH 3200 0
DWIDTH 32 0
BBX 32 64 0 0
BITMAP
000FF00000000000
000FF00000000000
000FF00000000000
000FF00000000000
000FF00000000000
000FF00000000000
000FF00000000000
000FF00000000000
000FF00000000000
000FF00000000000
000FF00000000000
000FF00000000000
000FF00000000000
000FF00000000000
000FF00000000000
000FF00000000000
000FF00000000000
000FF00000000000
000FF00000000000
000FF00000000000
000FF00000000000
000FF00000000000
000FF00000000000
000FF00000000000
000FF00000000000
000FF00000000000
000FF00000000000
000FF00000000000
000FF00000000000
000FF00000000000
000FF00000000000
000FF00000000000
000FF00000000000
000FF00000000000
000FF00000000000
000FF00000000000
000FF00000000000
000FF00000000000
000FF00000000000
000FF00000000000
000FF00000000000
000FF00000000000
000FF00000000000
000FF00000000000
000FF00000000000
000FF00000000000
000FF00000000000
000FF00000000000
000FF00000000000
000FF00000000000
000FF00000000000
000FF00000000000
000FF00000000000
000FF00000000000
000FF00000000000
000FF00000000000
000FF00000000000
000FF00000000000
000FF00000000000
000FF00000000000
000FF00000000000
000FF00000000000
000FF00000000000
000FF00000000000
ENDCHAR
STARTCHAR U+20A7
ENCODING 8359
SWIDTH 3200 0
DWIDTH 32 0
BBX 32 64 0 0
BITMAP
0000000000000000
0000000000000000
0000000000000000
0000000000000000
0000000000000000
0000000000000000
0000000000000000
0000000000000000
0000000000000000
0000000000000000
0000000000000000
0000000000000000
0000000000000000
0000000000000000
0000000000000000
0000000000000000
000000FF00000000
000000FF00000000
000000FF00000000
000000FF00000000
000000FF00000000
000000FF00000000
000000FF00000000
000000FF00000000
00FFFFF000000000
00FFFFF000000000
00FFFFF000000000
00FFFFF000000000
00FFFFF000000000
00FFFFF000000000
00FFFFF000000000
00FFFFF000000000
0FFF0FF000000000
0FFF0FF000000000
0FFF0FF000000000
0FFF0FF000000000
0FFF0FF000000000
0FFF0FF000000000
0FFF0FF000000000
0FFF0FF000000000
00FF0FF000000000
00FF0FF000000000
00FF0FF000000000
00FF0FF000000000
00FF0FF000000000
00FF0FF000000000
00FF0FF000000000
00FF0FF000000000
00FF0FF000000000
00FF0FF000000000
00FF0FF000000000
00FF0FF000000000
00FF0FF000000000
00FF0FF000000000
00FF0FF000000000
00FF0FF000000000
0000000000000000
0000000000000000
0000000000000000
0000000000000000
0000000000000000
0000000000000000
0000000000000000
0000000000000000
ENDCHAR
STARTCHAR U+0192
ENCODING 402
SWIDTH 3200 0
DWIDTH 32 0
BBX 32 64 0 0
BITMAP
FFFFFFFF00000000
FFFFFFFF00000000
FFFFFFFF00000000
FFFFFFFF00000000
FFFFFFFF00000000
FFFFFFFF00000000
FFFFFFFF00000000
FFFFFFFF00000000
0FFFFFFF00000000
0FFFFFFF00000000
0FFFFFFF00000000
0FFFFFFF00000000
0FFFFFFF00000000
0FFFFFFF00000000
0FFFFFFF00000000
0FFFFFFF00000000
00FFFFFF00000000
00FFFFFF00000000
00FFFFFF00000000
00FFFFFF00000000
00FFFFFF00000000
00FFFFFF00000000
00FFFFFF00000000
00FFFFFF00000000
000FFFFF00000000
000FFFFF00000000
000FFFFF00000000
000FFFFF00000000
000FFFFF00000000
000FFFFF00000000
000FFFFF00000000
000FFFFF00000000
0000FFFF00000000
0000FFFF00000000
0000FFFF00000000
0000FFFF00000000
0000FFFF00000000
0000FFFF00000000
0000FFFF00000000
0000FFFF00000000
00000FFF00000000
00000FFF00000000
00000FFF00000000
00000FFF00000000
00000FFF00000000
00000FFF00000000
00000FFF00000000
00000FFF00000000
000000FF00000000
000000FF00000000
000000FF00000000
000000FF00000000
000000FF00000000
000000FF00000000
000000FF00000000
000000FF00000000
0000000F00000000
0000000F00000000
0000000F00000000
0000000F00000000
0000000F00000000
0000000F00000000
0000000F00000000
0000000F00000000
ENDCHAR
STARTCHAR U+00E1
ENCODING 225
SWIDTH 3200 0
DWIDTH 32 0
BBX 32 64 0 0
BITMAP
0000000000000000
0000000000000000
0000000000000000
0000000000000000
0000000000000000
0000000000000000
0000000000000000
0000000000000000
0000000000000000
0000000000000000
0000000000000000
0000000000000000
0000000000000000
0000000000000000
0000000000000000
0000000000000000
0000000000000000
0000000000000000
0000000000000000
0000000000000000
0000000000000000
0000000000000000
0000000000000000
0000000000000000
0000000000000000
0000000000000000
0000000000000000
0000000000000000
0000000000000000
0000000000000000
0000000000000000
0000000000000000
0000000000000000
0000000000000000
0000000000000000
0000000000000000
0000000000000000
0000000000000000
0000000000000000
0000000000000000
0000000000000000
0000000000000000
0000000000000000
0000000000000000
0000000000000000
0000000000000000
0000000000000000
0000000000000000
0000000000000000
0000000000000000
0000000000000000
0000000000000000
0000000000000000
0000000000000000
0000000000000000
0000000000000000
0000000000000000
0000000000000000
0000000000000000
0000000000000000
0000000000000000
0000000000000000
0000000000000000
0000000000000000
ENDCHAR
STARTCHAR U+00ED
ENCODING 237
SWIDTH 3200 0
DWIDTH 32 0
BBX 32 64 0 0
BITMAP
FFFF000000000000
FFFF000000000000
FFFF000000000000
FFFF000000000000
FFFF000000000000
FFFF000000000000
FFFF000000000000
FFFF000000000000
FFFF000000000000
FFFF000000000000
FFFF000000000000
FFFF000000000000
FFFF000000000000
FFFF000000000000
FFFF000000000000
FFFF000000000000
FFFF000000000000
FFFF000000000000
FFFF000000000000
FFFF000000000000
FFFF000000000000
FFFF000000000000
FFFF000000000000
FFFF000000000000
FFFF000000000000
FFFF000000000000
FFFF000000000000
FFFF000000000000
FFFF000000000000
FFFF000000000000
FFFF000000000000
FFFF000000000000
FFFF000000000000
FFFF000000000000
FFFF000000000000
FFFF000000000000
FFFF000000000000
FFFF000000000000
FFFF000000000000
FFFF000000000000
FFFF000000000000
FFFF000000000000
FFFF000000000000
FFFF000000000000
FFFF000000000000
FFFF000000000000
FFFF000000000000
FFFF000000000000
FFFF000000000000
FFFF000000000000
FFFF000000000000
FFFF000000000000
FFFF000000000000
FFFF000000000000
FFFF000000000000
FFFF000000000000
FFFF000000000000
FFFF000000000000
FFFF000000000000
FFFF000000000000
FFFF000000000000
FFFF000000000000
FFFF000000000000
FFFF000000000000
ENDCHAR
STARTCHAR U+00F3
ENCODING 243
SWIDTH 3200 0
DWIDTH 32 0
BBX 32 64 0 0
BITMAP
0000000000000000
0000000000000000
0000000000000000
0000000000000000
0000000000000000
0000000000000000
0000000000000000
0000000000000000
0000000000000000
0000000000000000
0000000000000000
0000000000000000
0000000000000000
0000000000000000
0000000000000000
0000000000000000
0000000000000000
0000000000000000
0000000000000000
0000000000000000
0000000000000000
0000000000000000
0000000000000000
0000000000000000
0000000000000000
0000000000000000
0000000000000000
0000000000000000
0000000000000000
0000000000000000
0000000000000000
0000000000000000
FFFFFFFF00000000
FFFFFFFF00000000
FFFFFFFF00000000
FFFFFFFF00000000
FFFFFFFF00000000
FFFFFFFF00000000
FFFFFFFF00000000
FFFFFFFF00000000
FFFFFFFF00000000
FFFFFFFF00000000
FFFFFFFF00000000
FFFFFFFF00000000
FFFFFFFF00000000
FFFFFFFF00000000
FFFFFFFF00000000
FFFFFFFF00000000
FFFFFFFF00000000
FFFFFFFF00000000
FFFFFFFF00000000
FFFFFFFF00000000
FFFFFFFF00000000
FFFFFFFF00000000
FFFFFFFF00000000
FFFFFFFF00000000
FFFFFFFF00000000
FFFFFFFF00000000
FFFFFFFF00000000
FFFFFFFF00000000
FFFFFFFF00000000
FFFFFFFF00000000
FFFFFFFF00000000
FFFFFFFF00000000
ENDCHAR
STARTCHAR U+00FA
ENCODING 250
SWIDTH 3200 0
DWIDTH 32 0
BBX 32 64 0 0
BITMAP
FFFFFFFF00000000
FFFFFFFF00000000
FFFFFFFF00000000
FFFFFFFF00000000
FFFFFFFF00000000
FFFFFFFF00000000
FFFFFFFF00000000
FFFFFFFF00000000
0000000000000000
0000000000000000
0000000000000000
0000000000000000
0000000000000000
0000000000000000
0000000000000000
0000000000000000
0000000000000000
0000000000000000
0000000000000000
0000000000000000
0000000000000000
0000000000000000
0000000000000000
0000000000000000
0000000000000000
0000000000000000
0000000000000000
0000000000000000
0000000000000000
0000000000000000
0000000000000000
0000000000000000
0000000000000000
0000000000000000
0000000000000000
0000000000000000
0000000000000000
0000000000000000
0000000000000000
0000000000000000
0000000000000000
0000000000000000
0000000000000000
0000000000000000
0000000000000000
0000000000000000
0000000000000000
0000000000000000
0000000000000000
0000000000000000
0000000000000000
0000000000000000
0000000000000000
0000000000000000
0000000000000000
0000000000000000
0000000000000000
0000000000000000
0000000000000000
0000000000000000
0000000000000000
0000000000000000
0000000000000000
0000000000000000
ENDCHAR
STARTCHAR U+00F1
ENCODING 241
SWIDTH 3200 0
DWIDTH 32 0
BBX 32 64 0 0
BITMAP
0000000000000000
0000000000000000
0000000000000000
0000000000000000
0000000000000000
0000000000000000
0000000000000000
0000000000000000
0000000000000000
0000000000000000
0000000000000000
0000000000000000
0000000000000000
0000000000000000
0000000000000000
0000000000000000
0000000000000000
0000000000000000
0000000000000000
0000000000000000
0000000000000000
0000000000000000
0000000000000000
0000000000000000
0000000000000000
0000000000000000
0000000000000000
0000000000000000
0000000000000000
0000000000000000
0000000000000000
0000000000000000
0000000000000000
0000000000000000
0000000000000000
0000000000000000
0000000000000000
0000000000000000
0000000000000000
0000000000000000
0000000000000000
0000000000000000
0000000000000000
0000000000000000
0000000000000000
0000000000000000
0000000000000000
0000000000000000
0000000000000000
0000000000000000
0000000000000000
0000000000000000
0000000000000000
0000000000000000
0000000000000000
0000000000000000
FFFFFFFF00000000
FFFFFFFF00000000
FFFFFFFF00000000
FFFFFFFF00000000
FFFFFFFF00000000
FFFFFFFF00000000
FFFFFFFF00000000
FFFFFFFF00000000
ENDCHAR
STARTCHAR U+00D1
ENCODING 209
SWIDTH 3200 0
DWIDTH 32 0
BBX 32 64 0 0
BITMAP
FF00000000000000
FF00000000000000
FF00000000000000
FF00000000000000
FF00000000000000
FF00000000000000
FF00000000000000
FF00000000000000
FF00000000000000
FF00000000000000
FF00000000000000
FF00000000000000
FF00000000000000
FF00000000000000
FF00000000000000
FF00000000000000
FF00000000000000
FF00000000000000
FF00000000000000
FF00000000000000
FF00000000000000
FF00000000000000
FF00000000000000
FF00000000000000
FF00000000000000
FF00000000000000
FF00000000000000
FF00000000000000
FF00000000000000
FF00000000000000
FF00000000000000
FF00000000000000
FF00000000000000
FF00000000000000
FF00000000000000
FF00000000000000
FF00000000000000
FF00000000000000
FF00000000000000
FF00000000000000
FF00000000000000
FF00000000000000
FF00000000000000
FF00000000000000
FF00000000000000
FF00000000000000
FF00000000000000
FF00000000000000
FF00000000000000
FF00000000000000
FF00000000000000
FF00000000000000
FF00000000000000
FF00000000000000
FF00000000000000
FF00000000000000
FF00000000000000
FF00000000000000
FF00000000000000
FF00000000000000
FF00000000000000
FF00000000000000
FF00000000000000
FF00000000000000
ENDCHAR
STARTCHAR U+00AA
ENCODING 170
SWIDTH 3200 0
DWIDTH 32 0
BBX 32 64 0 0
BITMAP
FF00FF0000000000
FF00FF0000000000
FF00FF0000000000
FF00FF0000000000
FF00FF0000000000
FF00FF0000000000
FF00FF0000000000
FF00FF0000000000
FF00FF0000000000
FF00FF0000000000
FF00FF0000000000
FF00FF0000000000
FF00FF0000000000
FF00FF0000000000
FF00FF0000000000
FF00FF0000000000
00FF00FF00000000
00FF00FF00000000
00FF00FF00000000
00FF00FF00000000
00FF00FF00000000
00FF00FF00000000
00FF00FF00000000
00FF00FF00000000
00FF00FF00000000
00FF00FF00000000
00FF00FF00000000
00FF00FF00000000
00FF00FF00000000
00FF00FF00000000
00FF00FF00000000
00FF00FF00000000
FF00FF0000000000
FF00FF0000000000
FF00FF0000000000
FF00FF0000000000
FF00FF0000000000
FF00FF0000000000
FF00FF0000000000
FF00FF0000000000
FF00FF0000000000
FF00FF0000000000
FF00FF0000000000
FF00FF0000000000
FF00FF0000000000
FF00FF0000000000
FF00FF0000000000
FF00FF0000000000
00FF00FF00000000
00FF00FF00000000
00FF00FF00000000
00FF00FF00000000
00FF00FF00000000
00FF00FF00000000
00FF00FF00000000
00FF00FF00000000
00FF00FF00000000
00FF00FF00000000
00FF00FF00000000
00FF00FF00000000
00FF00FF00000000
00FF00FF00000000
00FF00FF00000000
00FF00FF00000000
ENDCHAR
STARTCHAR U+00BA
ENCODING 186
SWIDTH 3200 0
DWIDTH 32 0
BBX 32 64 0 0
BITMAP
000000FF00000000
000000FF00000000
000000FF00000000
000000FF00000000
000000FF00000000
000000FF00000000
000000FF00000000
000000FF00000000
000000FF00000000
000000FF00000000
000000FF00000000
000000FF00000000
000000FF00000000
000000FF00000000
000000FF00000000
000000FF00000000
000000FF00000000
000000FF00000000
000000FF00000000
000000FF00000000
000000FF00000000
000000FF00000000
000000FF00000000
000000FF00000000
000000FF00000000
000000FF00000000
000000FF00000000
000000FF00000000
000000FF00000000
000000FF00000000
000000FF00000000
000000FF00000000
000000FF00000000
000000FF00000000
000000FF00000000
000000FF00000000
000000FF00000000
000000FF00000000
000000FF00000000
000000FF00000000
000000FF00000000
000000FF00000000
000000FF00000000
000000FF00000000
000000FF00000000
000000FF00000000
000000FF00000000
000000FF00000000
000000FF00000000
000000FF00000000
000000FF00000000
000000FF00000000
000000FF00000000
000000FF00000000
000000FF00000000
000000FF00000000
000000FF00000000
000000FF00000000
000000FF00000000
000000FF00000000
000000FF00000000
000000FF00000000
000000FF00000000
000000FF00000000
ENDCHAR
STARTCHAR U+00BF
ENCODING 191
SWIDTH 3200 0
DWIDTH 32 0
BBX 32 64 0 0
BITMAP
0000000000000000
0000000000000000
0000000000000000
0000000000000000
0000000000000000
0000000000000000
0000000000000000
0000000000000000
0000000000000000
0000000000000000
0000000000000000
0000000000000000
0000000000000000
0000000000000000
0000000000000000
0000000000000000
0000000000000000
0000000000000000
0000000000000000
0000000000000000
0000000000000000
0000000000000000
0000000000000000
0000000000000000
0000000000000000
0000000000000000
0000000000000000
0000000000000000
0000000000000000
0000000000000000
0000000000000000
0000000000000000
FF00FF0000000000
FF00FF0000000000
FF00FF0000000000
FF00FF0000000000
FF00FF0000000000
FF00FF0000000000
FF00FF0000000000
FF00FF0000000000
FF00FF0000000000
FF00FF0000000000
FF00FF0000000000
FF00FF0000000000
FF00FF0000000000
FF00FF0000000000
FF00FF0000000000
FF00FF0000000000
00FF00FF00000000
00FF00FF00000000
00FF00FF00000000
00FF00FF00000000
00FF00FF00000000
00FF00FF00000000
00FF00FF00000000
00FF00FF00000000
00FF00FF00000000
00FF00FF00000000
00FF00FF00000000
00FF00FF00000000
00FF00FF00000000
00FF00FF00000000
00FF00FF00000000
00FF00FF00000000
ENDCHAR
STARTCHAR U+2310
ENCODING 8976
SWIDTH 3200 0
DWIDTH 32 0
BBX 32 64 0 0
BITMAP
FFFFFFFF00000000
FFFFFFFF00000000
FFFFFFFF00000000
FFFFFFFF00000000
FFFFFFFF00000000
FFFFFFFF00000000
FFFFFFFF00000000
FFFFFFFF00000000
FFFFFFF000000000
FFFFFFF000000000
FFFFFFF000000000
FFFFFFF000000000
FFFFFFF000000000
FFFFFFF000000000
FFFFFFF000000000
FFFFFFF000000000
FFFFFF0000000000
FFFFFF0000000000
FFFFFF0000000000
FFFFFF0000000000
FFFFFF0000000000
FFFFFF0000000000
FFFFFF0000000000
FFFFFF0000000000
FFFFF00000000000
FFFFF00000000000
FFFFF00000000000
FFFFF00000000000
FFFFF00000000000
FFFFF00000000000
FFFFF00000000000
FFFFF00000000000
FFFF000000000000
FFFF000000000000
FFFF000000000000
FFFF000000000000
FFFF000000000000
FFFF000000000000
FFFF000000000000
FFFF000000000000
FFF0000000000000
FFF0000000000000
FFF0000000000000
FFF0000000000000
FFF0000000000000
FFF0000000000000
FFF0000000000000
FFF0000000000000
FF00000000000000
FF00000000000000
FF00000000000000
FF00000000000000
FF00000000000000
FF00000000000000
FF00000000000000
FF00000000000000
F000000000000000
F000000000000000
F000000000000000
F000000000000000
F000000000000000
F000000000000000
F000000000000000
F000000000000000
ENDCHAR
STARTCHAR U+00AC
ENCODING 172
SWIDTH 3200 0
DWIDTH 32 0
BBX 32 64 0 0
BITMAP
000000FF00000000
000000FF00000000
000000FF00000000
000000FF00000000
000000FF00000000
000000FF00000000
000000FF00000000
000000FF00000000
000000FF00000000
000000FF00000000
000000FF00000000
000000FF00000000
000000FF00000000
000000FF00000000
000000FF00000000
000000FF00000000
000000FF00000000
000000FF00000000
000000FF00000000
000000FF00000000
000000FF00000000
000000FF00000000
000000FF00000000
000000FF00000000
000000FF00000000
000000FF00000000
000000FF00000000
000000FF00000000
000000FF00000000
000000FF00000000
000000FF00000000
000000FF00000000
000000FF00000000
000000FF00000000
000000FF00000000
000000FF00000000
000000FF00000000
000000FF00000000
000000FF00000000
000000FF00000000
000000FF00000000
000000FF00000000
000000FF00000000
000000FF00000000
000000FF00000000
000000FF00000000
000000FF00000000
000000FF00000000
000000FF00000000
000000FF00000000
000000FF00000000
000000FF00000000
000000FF00000000
000000FF00000000
000000FF00000000
000000FF00000000
000000FF00000000
000000FF00000000
000000FF00000000
000000FF00000000
000000FF00000000
000000FF00000000
000000FF00000000
000000FF00000000
ENDCHAR
STARTCHAR U+00BD
ENCODING 189
SWIDTH 3200 0
DWIDTH 32 0
BBX 32 64 0 0
BITMAP
000FF00000000000
000FF00000000000
000FF00000000000
000FF00000000000
000FF00000000000
000FF00000000000
000FF00000000000
000FF00000000000
000FF00000000000
000FF00000000000
000FF00000000000
000FF00000000000
000FF00000000000
000FF00000000000
000FF00000000000
000FF00000000000
000FF00000000000
000FF00000000000
000FF00000000000
000FF00000000000
000FF00000000000
000FF00000000000
000FF00000000000
000FF00000000000
000FFFFF00000000
000FFFFF00000000
000FFFFF00000000
000FFFFF00000000
000FFFFF00000000
000FFFFF00000000
000FFFFF00000000
000FFFFF00000000
000FFFFF00000000
000FFFFF00000000
000FFFFF00000000
000FFFFF00000000
000FFFFF00000000
000FFFFF00000000
000FFFFF00000000
000FFFFF00000000
000FF00000000000
000FF00000000000
000FF00000000000
000FF00000000000
000FF00000000000
000FF00000000000
000FF00000000000
000FF00000000000
000FF00000000000
000FF00000000000
000FF00000000000
000FF00000000000
000FF00000000000
000FF00000000000
000FF00000000000
000FF00000000000
000FF00000000000
000FF00000000000
000FF00000000000
000FF00000000000
000FF00000000000
000FF00000000000
000FF00000000000
000FF00000000000
ENDCHAR
STARTCHAR U+00BC
ENCODING 188
SWIDTH 3200 0
DWIDTH 32 0
BBX 32 64 0 0
BITMAP
0000000000000000
0000000000000000
0000000000000000
0000000000000000
0000000000000000
0000000000000000
0000000000000000
0000000000000000
0000000000000000
0000000000000000
0000000000000000
0000000000000000
0000000000000000
0000000000000000
0000000000000000
0000000000000000
0000000000000000
0000000000000000
0000000000000000
0000000000000000
0000000000000000
0000000000000000
0000000000000000
0000000000000000
0000000000000000
0000000000000000
0000000000000000
0000000000000000
0000000000000000
0000000000000000
0000000000000000
0000000000000000
0000FFFF00000000
0000FFFF00000000
0000FFFF00000000
0000FFFF00000000
0000FFFF00000000
0000FFFF00000000
0000FFFF00000000
0000FFFF00000000
0000FFFF00000000
0000FFFF00000000
0000FFFF00000000
0000FFFF00000000
0000FFFF00000000
0000FFFF00000000
0000FFFF00000000
0000FFFF00000000
0000FFFF00000000
0000FFFF00000000
0000FFFF00000000
0000FFFF00000000
0000FFFF00000000
0000FFFF00000000
0000FFFF00000000
0000FFFF00000000
0000FFFF00000000
0000FFFF00000000
0000FFFF00000000
0000FFFF00000000
0000FFFF00000000
0000FFFF00000000
0000FFFF00000000
0000FFFF00000000
ENDCHAR
STARTCHAR U+00A1
ENCODING 161
SWIDTH 3200 0
DWIDTH 32 0
BBX 32 64 0 0
BITMAP
000FF00000000000
000FF00000000000
000FF00000000000
000FF00000000000
000FF00000000000
000FF00000000000
000FF00000000000
000FF00000000000
000FF00000000000
000FF00000000000
000FF00000000000
000FF00000000000
000FF00000000000
000FF00000000000
000FF00000000000
000FF00000000000
000FF00000000000
000FF00000000000
000FF00000000000
000FF00000000000
000FF00000000000
000FF00000000000
000FF00000000000
000FF00000000000
000FFFFF00000000
000FFFFF00000000
000FFFFF00000000
000FFFFF00000000
000FFFFF00000000
000FFFFF00000000
000FFFFF00000000
000FFFFF00000000
000FFFFF00000000
000FFFFF00000000
000FFFFF00000000
000FFFFF00000000
000FFFFF00000000
000FFFFF00000000
000FFFFF00000000
000FFFFF00000000
0000000000000000
0000000000000000
0000000000000000
0000000000000000
0000000000000000
0000000000000000
0000000000000000
0000000000000000
0000000000000000
0000000000000000
0000000000000000
0000000000000000
0000000000000000
0000000000000000
0000000000000000
0000000000000000
0000000000000000
0000000000000000
0000000000000000
0000000000000000
0000000000000000
0000000000000000
0000000000000000
0000000000000000
ENDCHAR
STARTCHAR U+00AB
ENCODING 171
SWIDTH 3200 0
DWIDTH 32 0
BBX 32 64 0 0
BITMAP
0000000000000000
0000000000000000
0000000000000000
0000000000000000
0000000000000000
0000000000000000
0000000000000000
0000000000000000
0000000000000000
0000000000000000
0000000000000000
0000000000000000
0000000000000000
0000000000000000
0000000000000000
0000000000000000
0000000000000000
0000000000000000
0000000000000000
0000000000000000
0000000000000000
0000000000000000
0000000000000000
0000000000000000
FFFFF00000000000
FFFFF00000000000
FFFFF00000000000
FFFFF00000000000
FFFFF00000000000
FFFFF00000000000
FFFFF00000000000
FFFFF00000000000
FFFFF00000000000
FFFFF00000000000
FFFFF00000000000
FFFFF00000000000
FFFFF00000000000
FFFFF00000000000
FFFFF00000000000
FFFFF00000000000
000FF00000000000
000FF00000000000
000FF00000000000
000FF00000000000
000FF00000000000
000FF00000000000
000FF00000000000
000FF00000000000
000FF00000000000
000FF00000000000
000FF00000000000
000FF00000000000
000FF00000000000
000FF00000000000
000FF00000000000
000FF00000000000
000FF00000000000
000FF00000000000
000FF00000000000
000FF00000000000
000FF00000000000
000FF00000000000
000FF00000000000
000FF00000000000
ENDCHAR
STARTCHAR U+00BB
ENCODING 187
SWIDTH 3200 0
DWIDTH 32 0
BBX 32 64 0 0
BITMAP
0000000000000000
0000000000000000
0000000000000000
0000000000000000
0000000000000000
0000000000000000
0000000000000000
0000000000000000
0000000000000000
0000000000000000
0000000000000000
0000000000000000
0000000000000000
0000000000000000
0000000000000000
0000000000000000
0000000000000000
0000000000000000
0000000000000000
0000000000000000
0000000000000000
0000000000000000
0000000000000000
0000000000000000
0000000000000000
0000000000000000
0000000000000000
0000000000000000
0000000000000000
0000000000000000
0000000000000000
0000000000000000
0000000000000000
0000000000000000
0000000000000000
0000000000000000
0000000000000000
0000000000000000
0000000000000000
0000000000000000
0000000000000000
0000000000000000
0000000000000000
0000000000000000
0000000000000000
0000000000000000
0000000000000000
0000000000000000
FFFFFFFF00000000
FFFFFFFF00000000
FFFFFFFF00000000
FFFFFFFF00000000
FFFFFFFF00000000
FFFFFFFF00000000
FFFFFFFF00000000
FFFFFFFF00000000
FFFFFFFF00000000
FFFFFFFF00000000
FFFFFFFF00000000
FFFFFFFF00000000
FFFFFFFF00000000
FFFFFFFF00000000
FFFFFFFF00000000
FFFFFFFF00000000
ENDCHAR
STARTCHAR U+2591
ENCODING 9617
SWIDTH 3200 0
DWIDTH 32 0
BBX 32 64 0 0
BITMAP
0000000000000000
0000000000000000
0000000000000000
0000000000000000
0000000000000000
0000000000000000
0000000000000000
0000000000000000
0000000000000000
0000000000000000
0000000000000000
0000000000000000
0000000000000000
0000000000000000
0000000000000000
0000000000000000
0000000000000000
0000000000000000
0000000000000000
0000000000000000
0000000000000000
0000000000000000
0000000000000000
0000000000000000
000FFFFF00000000
000FFFFF00000000
000FFFFF00000000
000FFFFF00000000
000FFFFF00000000
000FFFFF00000000
000FFFFF00000000
000FFFFF00000000
000FFFFF00000000
000FFFFF00000000
000FFFFF00000000
000FFFFF00000000
000FFFFF00000000
000FFFFF00000000
000FFFFF00000000
000FFFFF00000000
000FF00000000000
000FF00000000000
000FF00000000000
000FF00000000000
000FF00000000000
000FF00000000000
000FF00000000000
000FF00000000000
000FF00000000000
000FF00000000000
000FF00000000000
000FF00000000000
000FF00000000000
000FF00000000000
000FF00000000000
000FF00000000000
000FF00000000000
000FF00000000000
000FF00000000000
000FF00000000000
000FF00000000000
000FF00000000000
000FF00000000000
000FF00000000000
ENDCHAR
STARTCHAR U+2592
ENCODING 9618
SWIDTH 3200 0
DWIDTH 32 0
BBX 32 64 0 0
BITMAP
000FF00000000000
000FF00000000000
000FF00000000000
000FF00000000000
000FF00000000000
000FF00000000000
000FF00000000000
000FF00000000000
000FF00000000000
000FF00000000000
000FF00000000000
000FF00000000000
000FF00000000000
000FF00000000000
000FF00000000000
000FF00000000000
000FF00000000000
000FF00000000000
000FF00000000000
000FF00000000000
000FF00000000000
000FF00000000000
000FF00000000000
000FF00000000000
FFFFFFFF00000000
FFFFFFFF00000000
FFFFFFFF00000000
FFFFFFFF00000000
FFFFFFFF00000000
FFFFFFFF00000000
FFFFFFFF00000000
FFFFFFFF00000000
FFFFFFFF00000000
FFFFFFFF00000000
FFFFFFFF00000000
FFFFFFFF00000000
FFFFFFFF00000000
FFFFFFFF00000000
FFFFFFFF00000000
FFFFFFFF00000000
0000000000000000
0000000000000000
0000000000000000
0000000000000000
0000000000000000
0000000000000000
0000000000000000
0000000000000000
0000000000000000
0000000000000000
0000000000000000
0000000000000000
0000000000000000
0000000000000000
0000000000000000
0000000000000000
0000000000000000
0000000000000000
0000000000000000
0000000000000000
0000000000000000
0000000000000000
0000000000000000
0000000000000000
ENDCHAR
STARTCHAR U+2593
ENCODING 9619
SWIDTH 3200 0
DWIDTH 32 0
BBX 32 64 0 0
BITMAP
0000000000000000
0000000000000000
0000000000000000
0000000000000000
0000000000000000
0000000000000000
0000000000000000
0000000000000000
0000000000000000
0000000000000000
0000000000000000
0000000000000000
0000000000000000
0000000000000000
0000000000000000
0000000000000000
0000000000000000
0000000000000000
0000000000000000
0000000000000000
0000000000000000
0000000000000000
0000000000000000
0000000000000000
FFFFFFFF00000000
FFFFFFFF00000000
FFFFFFFF00000000
FFFFFFFF00000000
FFFFFFFF00000000
FFFFFFFF00000000
FFFFFFFF00000000
FFFFFFFF00000000
FFFFFFFF00000000
FFFFFFFF00000000
FFFFFFFF00000000
FFFFFFFF00000000
FFFFFFFF00000000
FFFFFFFF00000000
FFFFFFFF00000000
FFFFFFFF00000000
000FF00000000000
000FF00000000000
000FF00000000000
000FF00000000000
000FF00000000000
000FF00000000000
000FF00000000000
000FF00000000000
000FF00000000000
000FF00000000000
000FF00000000000
000FF00000000000
000FF00000000000
000FF00000000000
000FF00000000000
000FF00000000000
000FF00000000000
000FF00000000000
000FF00000000000
000FF00000000000
000FF00000000000
000FF00000000000
000FF00000000000
000FF00000000000
ENDCHAR
STARTCHAR U+2502
ENCODING 9474
SWIDTH 3200 0
DWIDTH 32 0
BBX 32 64 0 0
BITMAP
000FF00000000000
000FF00000000000
000FF00000000000
000FF00000000000
000FF00000000000
000FF00000000000
000FF00000000000
000FF00000000000
000FF00000000000
000FF00000000000
000FF00000000000
000FF00000000000
000FF00000000000
000FF00000000000
000FF00000000000
000FF00000000000
000FF00000000000
000FF00000000000
000FF00000000000
000FF00000000000
000FF00000000000
000FF00000000000
000FF00000000000
000FF00000000000
FFFFF00000000000
FFFFF00000000000
FFFFF00000000000
FFFFF00000000000
FFFFF00000000000
FFFFF00000000000
FFFFF00000000000
FFFFF00000000000
FFFFF00000000000
FFFFF00000000000
FFFFF00000000000
FFFFF00000000000
FFFFF00000000000
FFFFF00000000000
FFFFF00000000000
FFFFF00000000000
000FF00000000000
000FF00000000000
000FF00000000000
000FF00000000000
000FF00000000000
000FF00000000000
000FF00000000000
000FF00000000000
000FF00000000000
000FF00000000000
000FF00000000000
000FF00000000000
000FF00000000000
000FF00000000000
000FF00000000000
000FF00000000000
000FF00000000000
000FF00000000000
000FF00000000000
000FF00000000000
000FF00000000000
000FF00000000000
000FF00000000000
000FF00000000000
ENDCHAR
STARTCHAR U+2524
ENCODING 9508
SWIDTH 3200 0
DWIDTH 32 0
BBX 32 64 0 0
BITMAP
FF00000000000000
FF00000000000000
FF00000000000000
FF00000000000000
FF00000000000000
FF00000000000000
FF00000000000000
FF00000000000000
FF00000000000000
FF00000000000000
FF00000000000000
FF00000000000000
FF00000000000000
FF00000000000000
FF00000000000000
FF00000000000000
FF00000000000000
FF00000000000000
FF00000000000000
FF00000000000000
FF00000000000000
FF00000000000000
FF00000000000000
FF00000000000000
FF00000000000000
FF00000000000000
FF00000000000000
FF00000000000000
FF00000000000000
FF00000000000000
FF00000000000000
FF00000000000000
FF00000000000000
FF00000000000000
FF00000000000000
FF00000000000000
FF00000000000000
FF00000000000000
FF00000000000000
FF00000000000000
FF00000000000000
FF00000000000000
FF00000000000000
FF00000000000000
FF00000000000000
FF00000000000000
FF00000000000000
FF00000000000000
FF00000000000000
FF00000000000000
FF00000000000000
FF00000000000000
FF00000000000000
FF00000000000000
FF00000000000000
FF00000000000000
FF00000000000000
FF00000000000000
FF00000000000000
FF00000000000000
FF00000000000000
FF00000000000000
FF00000000000000
FF00000000000000
ENDCHAR
STARTCHAR U+2561
ENCODING 9569
SWIDTH 3200 0
DWIDTH 32 0
BBX 32 64 0 0
BITMAP
FFF0000000000000
FFF0000000000000
FFF0000000000000
FFF0000000000000
FFF0000000000000
FFF0000000000000
FFF0000000000000
FFF0000000000000
FFF0000000000000
FFF0000000000000
FFF0000000000000
FFF0000000000000
FFF0000000000000
FFF0000000000000
FFF0000000000000
FFF0000000000000
FFF0000000000000
FFF0000000000000
FFF0000000000000
FFF0000000000000
FFF0000000000000
FFF0000000000000
FFF0000000000000
FFF0000000000000
FFF0000000000000
FFF0000000000000
FFF0000000000000
FFF0000000000000
FFF0000000000000
FFF0000000000000
FFF0000000000000
FFF0000000000000
FFF0000000000000
FFF0000000000000
FFF0000000000000
FFF0000000000000
FFF0000000000000
FFF0000000000000
FFF0000000000000
FFF0000000000000
FFF0000000000000
FFF0000000000000
FFF0000000000000
FFF0000000000000
FFF0000000000000
FFF0000000000000
FFF0000000000000
FFF0000000000000
FFF0000000000000
FFF0000000000000
FFF0000000000000
FFF0000000000000
FFF0000000000000
FFF0000000000000
FFF0000000000000
FFF0000000000000
FFF0000000000000
FFF0000000000000
FFF0000000000000
FFF0000000000000
FFF0000000000000
FFF0000000000000
FFF0000000000000
FFF0000000000000
ENDCHAR
STARTCHAR U+2562
ENCODING 9570
SWIDTH 3200 0
DWIDTH 32 0
BBX 32 64 0 0
BITMAP
00000FFF00000000
00000FFF00000000
00000FFF00000000
00000FFF00000000
00000FFF00000000
00000FFF00000000
00000FFF00000000
00000FFF00000000
00000FFF00000000
00000FFF00000000
00000FFF00000000
00000FFF00000000
00000FFF00000000
00000FFF00000000
00000FFF00000000
00000FFF00000000
00000FFF00000000
00000FFF00000000
00000FFF00000000
00000FFF00000000
00000FFF00000000
00000FFF00000000
00000FFF00000000
00000FFF00000000
00000FFF00000000
00000FFF00000000
00000FFF00000000
00000FFF00000000
00000FFF00000000
00000FFF00000000
00000FFF00000000
00000FFF00000000
00000FFF00000000
00000FFF00000000
00000FFF00000000
00000FFF00000000
00000FFF00000000
00000FFF00000000
00000FFF00000000
00000FFF00000000
00000FFF00000000
00000FFF00000000
00000FFF00000000
00000FFF00000000
00000FFF00000000
00000FFF00000000
00000FFF00000000
00000FFF00000000
00000FFF00000000
00000FFF00000000
00000FFF00000000
00000FFF00000000
00000FFF00000000
00000FFF00000000
00000FFF00000000
00000FFF00000000
00000FFF00000000
00000FFF00000000
00000FFF00000000
00000FFF00000000
00000FFF00000000
00000FFF00000000
00000FFF00000000
00000FFF00000000
ENDCHAR
STARTCHAR U+2556
ENCODING 9558
SWIDTH 3200 0
DWIDTH 32 0
BBX 32 64 0 0
BITMAP
FFFFFFFF00000000
FFFFFFFF00000000
FFFFFFFF00000000
FFFFFFFF00000000
FFFFFFFF00000000
FFFFFFFF00000000
FFFFFFFF00000000
FFFFFFFF00000000
FFFFFFFF00000000
FFFFFFFF00000000
FFFFFFFF00000000
FFFFFFFF00000000
FFFFFFFF00000000
FFFFFFFF00000000
FFFFFFFF00000000
FFFFFFFF00000000
0000000000000000
0000000000000000
0000000000000000
0000000000000000
0000000000000000
0000000000000000
0000000000000000
0000000000000000
0000000000000000
0000000000000000
0000000000000000
0000000000000000
0000000000000000
0000000000000000
0000000000000000
0000000000000000
0000000000000000
0000000000000000
0000000000000000
0000000000000000
0000000000000000
0000000000000000
0000000000000000
0000000000000000
0000000000000000
0000000000000000
0000000000000000
0000000000000000
0000000000000000
0000000000000000
0000000000000000
0000000000000000
0000000000000000
0000000000000000
0000000000000000
0000000000000000
0000000000000000
0000000000000000
0000000000000000
0000000000000000
0000000000000000
0000000000000000
0000000000000000
0000000000000000
0000000000000000
0000000000000000
0000000000000000
0000000000000000
ENDCHAR
STARTCHAR U+2555
ENCODING 9557
SWIDTH 3200 0
DWIDTH 32 0
BBX 32 64 0 0
BITMAP
FFFFFFFF00000000
FFFFFFFF00000000
FFFFFFFF00000000
FFFFFFFF00000000
FFFFFFFF00000000
FFFFFFFF00000000
FFFFFFFF00000000
FFFFFFFF00000000
FFFFFFFF00000000
FFFFFFFF00000000
FFFFFFFF00000000
FFFFFFFF00000000
FFFFFFFF00000000
FFFFFFFF00000000
FFFFFFFF00000000
FFFFFFFF00000000
FFFFFFFF00000000
FFFFFFFF00000000
FFFFFFFF00000000
FFFFFFFF00000000
FFFFFFFF00000000
FFFFFFFF00000000
FFFFFFFF00000000
FFFFFFFF00000000
0000000000000000
0000000000000000
0000000000000000
0000000000000000
0000000000000000
0000000000000000
0000000000000000
0000000000000000
0000000000000000
0000000000000000
0000000000000000
0000000000000000
0000000000000000
0000000000000000
0000000000000000
0000000000000000
0000000000000000
0000000000000000
0000000000000000
0000000000000000
0000000000000000
0000000000000000
0000000000000000
0000000000000000
0000000000000000
0000000000000000
0000000000000000
0000000000000000
0000000000000000
0000000000000000
0000000000000000
0000000000000000
0000000000000000
0000000000000000
0000000000000000
0000000000000000
0000000000000000
0000000000000000
0000000000000000
0000000000000000
ENDCHAR
STARTCHAR U+2563
ENCODING 9571
SWIDTH 3200 0
DWIDTH 32 0
BBX 32 64 0 0
BITMAP
0000000000000000
0000000000000000
0000000000000000
0000000000000000
0000000000000000
0000000000000000
0000000000000000
0000000000000000
0000000000000000
0000000000000000
0000000000000000
0000000000000000
0000000000000000
0000000000000000
0000000000000000
0000000000000000
0000000000000000
0000000000000000
0000000000000000
0000000000000000
0000000000000000
0000000000000000
0000000000000000
0000000000000000
0000000000000000
0000000000000000
0000000000000000
0000000000000000
0000000000000000
0000000000000000
0000000000000000
0000000000000000
0000000000000000
0000000000000000
0000000000000000
0000000000000000
0000000000000000
0000000000000000
0000000000000000
0000000000000000
FFFFFFFF00000000
FFFFFFFF00000000
FFFFFFFF00000000
FFFFFFFF00000000
FFFFFFFF00000000
FFFFFFFF00000000
FFFFFFFF00000000
FFFFFFFF00000000
FFFFFFFF00000000
FFFFFFFF00000000
FFFFFFFF00000000
FFFFFFFF00000000
FFFFFFFF00000000
FFFFFFFF00000000
FFFFFFFF00000000
FFFFFFFF00000000
FFFFFFFF00000000
FFFFFFFF00000000
FFFFFFFF00000000
FFFFFFFF00000000
FFFFFFFF00000000
FFFFFFFF00000000
FFFFFFFF00000000
FFFFFFFF00000000
ENDCHAR
STARTCHAR U+2551
ENCODING 9553
SWIDTH 3200 0
DWIDTH 32 0
BBX 32 64 0 0
BITMAP
000000FF00000000
000000FF00000000
000000FF00000000
000000FF00000000
000000FF00000000
000000FF00000000
000000FF00000000
000000FF00000000
000000FF00000000
000000FF00000000
000000FF00000000
000000FF00000000
000000FF00000000
000000FF00000000
000000FF00000000
000000FF00000000
000000FF00000000
000000FF00000000
000000FF00000000
000000FF00000000
000000FF00000000
000000FF00000000
000000FF00000000
000000FF00000000
000000FF00000000
000000FF00000000
000000FF00000000
000000FF00000000
000000FF00000000
000000FF00000000
000000FF00000000
000000FF00000000
000000FF00000000
000000FF00000000
000000FF00000000
000000FF00000000
000000FF00000000
000000FF00000000
000000FF00000000
000000FF00000000
000000FF00000000
000000FF00000000
000000FF00000000
000000FF00000000
000000FF00000000
000000FF00000000
000000FF00000000
000000FF00000000
FFFFFFFF00000000
FFFFFFFF00000000
FFFFFFFF00000000
FFFFFFFF00000000
FFFFFFFF00000000
FFFFFFFF00000000
FFFFFFFF00000000
FFFFFFFF00000000
FFFFFFFF00000000
FFFFFFFF00000000
FFFFFFFF00000000
FFFFFFFF00000000
FFFFFFFF00000000
FFFFFFFF00000000
FFFFFFFF00000000
FFFFFFFF00000000
ENDCHAR
STARTCHAR U+2557
ENCODING 9559
SWIDTH 3200 0
DWIDTH 32 0
BBX 32 64 0 0
BITMAP
0000000000000000
0000000000000000
0000000000000000
0000000000000000
0000000000000000
0000000000000000
0000000000000000
0000000000000000
0000000000000000
0000000000000000
0000000000000000
0000000000000000
0000000000000000
0000000000000000
0000000000000000
0000000000000000
0000000000000000
0000000000000000
0000000000000000
0000000000000000
0000000000000000
0000000000000000
0000000000000000
0000000000000000
0000000000000000
0000000000000000
0000000000000000
0000000000000000
0000000000000000
0000000000000000
0000000000000000
0000000000000000
FFFF000000000000
FFFF000000000000
FFFF000000000000
FFFF000000000000
FFFF000000000000
FFFF000000000000
FFFF000000000000
FFFF000000000000
FFFF000000000000
FFFF000000000000
FFFF000000000000
FFFF000000000000
FFFF000000000000
FFFF000000000000
FFFF000000000000
FFFF000000000000
FFFF000000000000
FFFF000000000000
FFFF000000000000
FFFF000000000000
FFFF000000000000
FFFF000000000000
FFFF000000000000
FFFF000000000000
FFFF000000000000
FFFF000000000000
FFFF000000000000
FFFF000000000000
FFFF000000000000
FFFF000000000000
FFFF000000000000
FFFF000000000000
ENDCHAR
STARTCHAR U+255D
ENCODING 9565
SWIDTH 3200 0
DWIDTH 32 0
BBX 32 64 0 0
BITMAP
0000FFFF00000000
0000FFFF00000000
0000FFFF00000000
0000FFFF00000000
0000FFFF00000000
0000FFFF00000000
0000FFFF00000000
0000FFFF00000000
0000FFFF00000000
0000FFFF00000000
0000FFFF00000000
0000FFFF00000000
0000FFFF00000000
0000FFFF00000000
0000FFFF00000000
0000FFFF00000000
0000FFFF00000000
0000FFFF00000000
0000FFFF00000000
0000FFFF00000000
0000FFFF00000000
0000FFFF00000000
0000FFFF00000000
0000FFFF00000000
0000FFFF00000000
0000FFFF00000000
0000FFFF00000000
0000FFFF00000000
0000FFFF00000000
0000FFFF00000000
0000FFFF00000000
0000FFFF00000000
0000000000000000
0000000000000000
0000000000000000
0000000000000000
0000000000000000
0000000000000000
0000000000000000
0000000000000000
0000000000000000
0000000000000000
0000000000000000
0000000000000000
0000000000000000
0000000000000000
0000000000000000
0000000000000000
0000000000000000
0000000000000000
0000000000000000
0000000000000000
0000000000000000
0000000000000000
0000000000000000
0000000000000000
0000000000000000
0000000000000000
0000000000000000
0000000000000000
0000000000000000
0000000000000000
0000000000000000
0000000000000000
ENDCHAR
STARTCHAR U+255C
ENCODING 9564
SWIDTH 3200 0
DWIDTH 32 0
BBX 32 64 0 0
BITMAP
000FF00000000000
000FF00000000000
000FF00000000000
000FF00000000000
000FF00000000000
000FF00000000000
000FF00000000000
000FF00000000000
000FF00000000000
000FF00000000000
000FF00000000000
000FF00000000000
000FF00000000000
000FF00000000000
000FF00000000000
000FF00000000000
000FF00000000000
000FF00000000000
000FF00000000000
000FF00000000000
000FF00000000000
000FF00000000000
000FF00000000000
000FF00000000000
FFFFF00000000000
FFFFF00000000000
FFFFF00000000000
FFFFF00000000000
FFFFF00000000000
FFFFF00000000000
FFFFF00000000000
FFFFF00000000000
FFFFF00000000000
FFFFF00000000000
FFFFF00000000000
FFFFF00000000000
FFFFF00000000000
FFFFF00000000000
FFFFF00000000000
FFFFF00000000000
0000000000000000
0000000000000000
0000000000000000
0000000000000000
0000000000000000
0000000000000000
0000000000000000
0000000000000000
0000000000000000
0000000000000000
0000000000000000
0000000000000000
0000000000000000
0000000000000000
0000000000000000
0000000000000000
0000000000000000
0000000000000000
0000000000000000
0000000000000000
0000000000000000
0000000000000000
0000000000000000
0000000000000000
ENDCHAR
STARTCHAR U+255B
ENCODING 9563
SWIDTH 3200 0
DWIDTH 32 0
BBX 32 64 0 0
BITMAP
FFFF000000000000
FFFF000000000000
FFFF000000000000
FFFF000000000000
FFFF000000000000
FFFF000000000000
FFFF000000000000
FFFF000000000000
FFFF000000000000
FFFF000000000000
FFFF000000000000
FFFF000000000000
FFFF000000000000
FFFF000000000000
FFFF000000000000
FFFF000000000000
FFFF000000000000
FFFF000000000000
FFFF000000000000
FFFF000000000000
FFFF000000000000
FFFF000000000000
FFFF000000000000
FFFF000000000000
FFFF000000000000
FFFF000000000000
FFFF000000000000
FFFF000000000000
FFFF000000000000
FFFF000000000000
FFFF000000000000
FFFF000000000000
0000000000000000
0000000000000000
0000000000000000
0000000000000000
0000000000000000
0000000000000000
0000000000000000
0000000000000000
0000000000000000
0000000000000000
0000000000000000
0000000000000000
0000000000000000
0000000000000000
0000000000000000
0000000000000000
0000000000000000
0000000000000000
0000000000000000
0000000000000000
0000000000000000
0000000000000000
0000000000000000
0000000000000000
0000000000000000
0000000000000000
0000000000000000
0000000000000000
0000000000000000
0000000000000000
0000000000000000
0000000000000000
ENDCHAR
STARTCHAR U+2510
ENCODING 9488
SWIDTH 3200 0
DWIDTH 32 0
BBX 32 64 0 0
BITMAP
FFFF000000000000
FFFF000000000000
FFFF000000000000
FFFF000000000000
FFFF000000000000
FFFF000000000000
FFFF000000000000
FFFF000000000000
FFFF000000000000
FFFF000000000000
FFFF000000000000
FFFF000000000000
FFFF000000000000
FFFF000000000000
FFFF000000000000
FFFF000000000000
FFFF000000000000
FFFF000000000000
FFFF000000000000
FFFF000000000000
FFFF000000000000
FFFF000000000000
FFFF000000000000
FFFF000000000000
FFFF000000000000
FFFF000000000000
FFFF000000000000
FFFF000000000000
FFFF000000000000
FFFF000000000000
FFFF000000000000
FFFF000000000000
0000FFFF00000000
0000FFFF00000000
0000FFFF00000000
0000FFFF00000000
0000FFFF00000000
0000FFFF00000000
0000FFFF00000000
0000FFFF00000000
0000FFFF00000000
0000FFFF00000000
0000FFFF00000000
0000FFFF00000000
0000FFFF00000000
0000FFFF00000000
0000FFFF00000000
0000FFFF00000000
0000FFFF00000000
0000FFFF00000000
0000FFFF00000000
0000FFFF00000000
0000FFFF00000000
0000FFFF00000000
0000FFFF00000000
0000FFFF00000000
0000FFFF00000000
0000FFFF00000000
0000FFFF00000000
0000FFFF00000000
0000FFFF00000000
0000FFFF00000000
0000FFFF00000000
0000FFFF00000000
ENDCHAR
STARTCHAR U+2514
ENCODING 9492
SWIDTH 3200 0
DWIDTH 32 0
BBX 32 64 0 0
BITMAP
0000000000000000
0000000000000000
0000000000000000
0000000000000000
0000000000000000
0000000000000000
0000000000000000
0000000000000000
0FFFFFFF00000000
0FFFFFFF00000000
0FFFFFFF00000000
0FFFFFFF00000000
0FFFFFFF00000000
0FFFFFFF00000000
0FFFFFFF00000000
0FFFFFFF00000000
0F00000F00000000
0F00000F00000000
0F00000F00000000
0F00000F00000000
0F00000F00000000
0F00000F00000000
0F00000F00000000
0F00000F00000000
0F00000F00000000
0F00000F00000000
0F00000F00000000
0F00000F00000000
0F00000F00000000
0F00000F00000000
0F00000F00000000
0F00000F00000000
0F00000F00000000
0F00000F00000000
0F00000F00000000
0F00000F00000000
0F00000F00000000
0F00000F00000000
0F00000F00000000
0F00000F00000000
0F00000F00000000
0F00000F00000000
0F00000F00000000
0F00000F00000000
0F00000F00000000
0F00000F00000000
0F00000F00000000
0F00000F00000000
0F00000F00000000
0F00000F00000000
0F00000F00000000
0F00000F00000000
0F00000F00000000
0F00000F00000000
0F00000F00000000
0F00000F00000000
0FFFFFFF00000000
0FFFFFFF00000000
0FFFFFFF00000000
0FFFFFFF00000000
0FFFFFFF00000000
0FFFFFFF00000000
0FFFFFFF00000000
0FFFFFFF00000000
ENDCHAR
STARTCHAR U+2534
ENCODING 9524
SWIDTH 3200 0
DWIDTH 32 0
BBX 32 64 0 0
BITMAP
0000000000000000
0000000000000000
0000000000000000
0000000000000000
0000000000000000
0000000000000000
0000000000000000
0000000000000000
0FFFFFFF00000000
0FFFFFFF00000000
0FFFFFFF00000000
0FFFFFFF00000000
0FFFFFFF00000000
0FFFFFFF00000000
0FFFFFFF00000000
0FFFFFFF00000000
0FFFFFFF00000000
0FFFFFFF00000000
0FFFFFFF00000000
0FFFFFFF00000000
0FFFFFFF00000000
0FFFFFFF00000000
0FFFFFFF00000000
0FFFFFFF00000000
0FFFFFFF00000000
0FFFFFFF00000000
0FFFFFFF00000000
0FFFFFFF00000000
0FFFFFFF00000000
0FFFFFFF00000000
0FFFFFFF00000000
0FFFFFFF00000000
0FFFFFFF00000000
0FFFFFFF00000000
0FFFFFFF00000000
0FFFFFFF00000000
0FFFFFFF00000000
0FFFFFFF00000000
0FFFFFFF00000000
0FFFFFFF00000000
0FFFFFFF00000000
0FFFFFFF00000000
0FFFFFFF00000000
0FFFFFFF00000000
0FFFFFFF00000000
0FFFFFFF00000000
0FFFFFFF00000000
0FFFFFFF00000000
0FFFFFFF00000000
0FFFFFFF00000000
0FFFFFFF00000000
0FFFFFFF00000000
0FFFFFFF00000000
0FFFFFFF00000000
0FFFFFFF00000000
0FFFFFFF00000000
0FFFFFFF00000000
0FFFFFFF00000000
0FFFFFFF00000000
0FFFFFFF00000000
0FFFFFFF00000000
0FFFFFFF00000000
0FFFFFFF00000000
0FFFFFFF00000000
ENDCHAR
STARTCHAR U+252C
ENCODING 9516
SWIDTH 3200 0
DWIDTH 32 0
BBX 32 64 0 0
BITMAP
0000000000000000
0000000000000000
0000000000000000
0000000000000000
0000000000000000
0000000000000000
0000000000000000
0000000000000000
000FF00000000000
000FF00000000000
000FF00000000000
000FF00000000000
000FF00000000000
000FF00000000000
000FF00000000000
000FF00000000000
00FFFF0000000000
00FFFF0000000000
00FFFF0000000000
00FFFF0000000000
00FFFF0000000000
00FFFF0000000000
00FFFF0000000000
00FFFF0000000000
0FFFFFF000000000
0FFFFFF000000000
0FFFFFF000000000
0FFFFFF000000000
0FFFFFF000000000
0FFFFFF000000000
0FFFFFF000000000
0FFFFFF000000000
000FF00000000000
000FF00000000000
000FF00000000000
000FF00000000000
000FF00000000000
000FF00000000000
000FF00000000000
000FF00000000000
000FF00000000000
000FF00000000000
000FF00000000000
000FF00000000000
000FF00000000000
000FF00000000000
000FF00000000000
000FF00000000000
000FF00000000000
000FF00000000000
000FF00000000000
000FF00000000000
000FF00000000000
000FF00000000000
000FF00000000000
000FF00000000000
000FF00000000000
000FF00000000000
000FF00000000000
000FF00000000000
000FF00000000000
000FF00000000000
000FF00000000000
000FF00000000000
ENDCHAR
STARTCHAR U+251C
ENCODING 9500
SWIDTH 3200 0
DWIDTH 32 0
BBX 32 64 0 0
BITMAP
0000000000000000
0000000000000000
0000000000000000
0000000000000000
0000000000000000
0000000000000000
0000000000000000
0000000000000000
000FF00000000000
000FF00000000000
000FF00000000000
000FF00000000000
000FF00000000000
000FF00000000000
000FF00000000000
000FF00000000000
000FF00000000000
000FF00000000000
000FF00000000000
000FF00000000000
000FF00000000000
000FF00000000000
000FF00000000000
000FF00000000000
000FF00000000000
000FF00000000000
000FF00000000000
000FF00000000000
000FF00000000000
000FF00000000000
000FF00000000000
000FF00000000000
000FF00000000000
000FF00000000000
000FF00000000000
000FF00000000000
000FF00000000000
000FF00000000000
000FF00000000000
000FF00000000000
0FFFFFF000000000
0FFFFFF000000000
0FFFFFF000000000
0FFFFFF000000000
0FFFFFF000000000
0FFFFFF000000000
0FFFFFF000000000
0FFFFFF000000000
00FFFF0000000000
00FFFF0000000000
00FFFF0000000000
00FFFF0000000000
00FFFF0000000000
00FFFF0000000000
00FFFF0000000000
00FFFF0000000000
000FF00000000000
000FF00000000000
000FF00000000000
000FF00000000000
000FF00000000000
000FF00000000000
000FF00000000000
000FF00000000000
ENDCHAR
STARTCHAR U+2500
ENCODING 9472
SWIDTH 3200 0
DWIDTH 32 0
BBX 32 64 0 0
BITMAP
0000000000000000
0000000000000000
0000000000000000
0000000000000000
0000000000000000
0000000000000000
0000000000000000
0000000000000000
000F000000000000
000F000000000000
000F000000000000
000F000000000000
000F000000000000
000F000000000000
000F000000000000
000F000000000000
00FF000000000000
00FF000000000000
00FF000000000000
00FF000000000000
00FF000000000000
00FF000000000000
00FF000000000000
00FF000000000000
0FFFFFFF00000000
0FFFFFFF00000000
0FFFFFFF00000000
0FFFFFFF00000000
0FFFFFFF00000000
0FFFFFFF00000000
0FFFFFFF00000000
0FFFFFFF00000000
0FFFFFFF00000000
0FFFFFFF00000000
0FFFFFFF00000000
0FFFFFFF00000000
0FFFFFFF00000000
0FFFFFFF00000000
0FFFFFFF00000000
0FFFFFFF00000000
00FF000000000000
00FF000000000000
00FF000000000000
00FF000000000000
00FF000000000000
00FF000000000000
00FF000000000000
00FF000000000000
000F000000000000
000F000000000000
000F000000000000
000F000000000000
000F000000000000
000F000000000000
000F000000000000
000F000000000000
0000000000000000
0000000000000000
0000000000000000
0000000000000000
0000000000000000
0000000000000000
0000000000000000
0000000000000000
ENDCHAR
STARTCHAR U+253C
ENCODING 9532
SWIDTH 3200 0
DWIDTH 32 0
BBX 32 64 0 0
BITMAP
0000000000000000
0000000000000000
0000000000000000
0000000000000000
0000000000000000
0000000000000000
0000000000000000
0000000000000000
00000F0000000000
00000F0000000000
00000F0000000000
00000F0000000000
00000F0000000000
00000F0000000000
00000F0000000000
00000F0000000000
00000FF000000000
00000FF000000000
00000FF000000000
00000FF000000000
00000FF000000000
00000FF000000000
00000FF000000000
00000FF000000000
0FFFFFFF00000000
0FFFFFFF00000000
0FFFFFFF00000000
0FFFFFFF00000000
0FFFFFFF00000000
0FFFFFFF00000000
0FFFFFFF00000000
0FFFFFFF00000000
0FFFFFFF00000000
0FFFFFFF00000000
0FFFFFFF00000000
0FFFFFFF00000000
0FFFFFFF00000000
0FFFFFFF00000000
0FFFFFFF00000000
0FFFFFFF00000000
00000FF000000000
00000FF000000000
00000FF000000000
00000FF000000000
00000FF000000000
00000FF000000000
00000FF000000000
00000FF000000000
00000F0000000000
00000F0000000000
00000F0000000000
00000F0000000000
00000F0000000000
00000F0000000000
00000F0000000000
00000F0000000000
0000000000000000
0000000000000000
0000000000000000
0000000000000000
0000000000000000
0000000000000000
0000000000000000
0000000000000000
ENDCHAR
STARTCHAR U+255E
ENCODING 9566
SWIDTH 3200 0
DWIDTH 32 0
BBX 32 64 0 0
BITMAP
0FFFFFF000000000
0FFFFFF000000000
0FFFFFF000000000
0FFFFFF000000000
0FFFFFF000000000
0FFFFFF000000000
0FFFFFF000000000
0FFFFFF000000000
F000000F00000000
F000000F00000000
F000000F00000000
F000000F00000000
F000000F00000000
F000000F00000000
F000000F00000000
F000000F00000000
F0F00F0F00000000
F0F00F0F00000000
F0F00F0F00000000
F0F00F0F00000000
F0F00F0F00000000
F0F00F0F00000000
F0F00F0F00000000
F0F00F0F00000000
F000000F00000000
F000000F00000000
F000000F00000000
F000000F00000000
F000000F00000000
F000000F00000000
F000000F00000000
F000000F00000000
F00FFF0F00000000
F00FFF0F00000000
F00FFF0F00000000
F00FFF0F00000000
F00FFF0F00000000
F00FFF0F00000000
F00FFF0F00000000
F00FFF0F00000000
F0FFF00F00000000
F0FFF00F00000000
F0FFF00F00000000
F0FFF00F00000000
F0FFF00F00000000
F0FFF00F00000000
F0FFF00F00000000
F0FFF00F00000000
F000000F00000000
F000000F00000000
F000000F00000000
F000000F00000000
F000000F00000000
F000000F00000000
F000000F00000000
F000000F00000000
0FFFFFF000000000
0FFFFFF000000000
0FFFFFF000000000
0FFFFFF000000000
0FFFFFF000000000
0FFFFFF000000000
0FFFFFF000000000
0FFFFFF000000000
ENDCHAR
STARTCHAR U+255F
ENCODING 9567
SWIDTH 3200 0
DWIDTH 32 0
BBX 32 64 0 0
BITMAP
0FFFFFF000000000
0FFFFFF000000000
0FFFFFF000000000
0FFFFFF000000000
0FFFFFF000000000
0FFFFFF000000000
0FFFFFF000000000
0FFFFFF000000000
F000000F00000000
F000000F00000000
F000000F00000000
F000000F00000000
F000000F00000000
F000000F00000000
F000000F00000000
F000000F00000000
F0F00F0F00000000
F0F00F0F00000000
F0F00F0F00000000
F0F00F0F00000000
F0F00F0F00000000
F0F00F0F00000000
F0F00F0F00000000
F0F00F0F00000000
F000000F00000000
F000000F00000000
F000000F00000000
F000000F00000000
F000000F00000000
F000000F00000000
F000000F00000000
F000000F00000000
F0F00F0F00000000
F0F00F0F00000000
F0F00F0F00000000
F0F00F0F00000000
F0F00F0F00000000
F0F00F0F00000000
F0F00F0F00000000
F0F00F0F00000000
F0FFFF0F00000000
F0FFFF0F00000000
F0FFFF0F00000000
F0FFFF0F00000000
F0FFFF0F00000000
F0FFFF0F00000000
F0FFFF0F00000000
F0FFFF0F00000000
F000000F00000000
F000000F00000000
F000000F00000000
F000000F00000000
F000000F00000000
F000000F00000000
F000000F00000000
F000000F00000000
0FFFFFF000000000
0FFFFFF000000000
0FFFFFF000000000
0FFFFFF000000000
0FFFFFF000000000
0FFFFFF000000000
0FFFFFF000000000
0FFFFFF000000000
ENDCHAR
STARTCHAR U+255A
ENCODING 9562
SWIDTH 3200 0
DWIDTH 32 0
BBX 32 64 0 0
BITMAP
0FFFFFF000000000
0FFFFFF000000000
0FFFFFF000000000
0FFFFFF000000000
0FFFFFF000000000
0FFFFFF000000000
0FFFFFF000000000
0FFFFFF000000000
F000000F00000000
F000000F00000000
F000000F00000000
F000000F00000000
F000000F00000000
F000000F00000000
F000000F00000000
F000000F00000000
F0F00F0F00000000
F0F00F0F00000000
F0F00F0F00000000
F0F00F0F00000000
F0F00F0F00000000
F0F00F0F00000000
F0F00F0F00000000
F0F00F0F00000000
F000000F00000000
F000000F00000000
F000000F00000000
F000000F00000000
F000000F00000000
F000000F00000000
F000000F00000000
F000000F00000000
F0FFFF0F00000000
F0FFFF0F00000000
F0FFFF0F00000000
F0FFFF0F00000000
F0FFFF0F00000000
F0FFFF0F00000000
F0FFFF0F00000000
F0FFFF0F00000000
F0F00F0F00000000
F0F00F0F00000000
F0F00F0F00000000
F0F00F0F00000000
F0F00F0F00000000
F0F00F0F00000000
F0F00F0F00000000
F0F00F0F00000000
F000000F00000000
F000000F00000000
F000000F00000000
F000000F00000000
F000000F00000000
F000000F00000000
F000000F00000000
F000000F00000000
0FFFFFF000000000
0FFFFFF000000000
0FFFFFF000000000
0FFFFFF000000000
0FFFFFF000000000
0FFFFFF000000000
0FFFFFF000000000
0FFFFFF000000000
ENDCHAR
STARTCHAR U+2554
ENCODING 9556
SWIDTH 3200 0
DWIDTH 32 0
BBX 32 64 0 0
BITMAP
0FFFFFF000000000
0FFFFFF000000000
0FFFFFF000000000
0FFFFFF000000000
0FFFFFF000000000
0FFFFFF000000000
0FFFFFF000000000
0FFFFFF000000000
00000FF000000000
00000FF000000000
00000FF000000000
00000FF000000000
00000FF000000000
00000FF000000000
00000FF000000000
00000FF000000000
0000FF0000000000
0000FF0000000000
0000FF0000000000
0000FF0000000000
0000FF0000000000
0000FF0000000000
0000FF0000000000
0000FF0000000000
000FF00000000000
000FF00000000000
000FF00000000000
000FF00000000000
000FF00000000000
000FF00000000000
000FF00000000000
000FF00000000000
00FF000000000000
00FF000000000000
00FF000000000000
00FF000000000000
00FF000000000000
00FF000000000000
00FF000000000000
00FF000000000000
0FF0000000000000
0FF0000000000000
0FF0000000000000
0FF0000000000000
0FF0000000000000
0FF0000000000000
0FF0000000000000
0FF0000000000000
0FFFFFF000000000
0FFFFFF000000000
0FFFFFF000000000
0FFFFFF000000000
0FFFFFF000000000
0FFFFFF000000000
0FFFFFF000000000
0FFFFFF000000000
0000000000000000
0000000000000000
0000000000000000
0000000000000000
0000000000000000
0000000000000000
0000000000000000
0000000000000000
ENDCHAR
STARTCHAR U+2569
ENCODING 9577
SWIDTH 3200 0
DWIDTH 32 0
BBX 32 64 0 0
BITMAP
000FF00000000000
000FF00000000000
000FF00000000000
000FF00000000000
000FF00000000000
000FF00000000000
000FF00000000000
000FF00000000000
000FF00000000000
000FF00000000000
000FF00000000000
000FF00000000000
000FF00000000000
000FF00000000000
000FF00000000000
000FF00000000000
000FF00000000000
000FF00000000000
000FF00000000000
000FF00000000000
000FF00000000000
000FF00000000000
000FF00000000000
000FF00000000000
FFFFFFFF00000000
FFFFFFFF00000000
FFFFFFFF00000000
FFFFFFFF00000000
FFFFFFFF00000000
FFFFFFFF00000000
FFFFFFFF00000000
FFFFFFFF00000000
FFFFFFFF00000000
FFFFFFFF00000000
FFFFFFFF00000000
FFFFFFFF00000000
FFFFFFFF00000000
FFFFFFFF00000000
FFFFFFFF00000000
FFFFFFFF00000000
000FF00000000000
000FF00000000000
000FF00000000000
000FF00000000000
000FF00000000000
000FF00000000000
000FF00000000000
000FF00000000000
000FF00000000000
000FF00000000000
000FF00000000000
000FF00000000000
000FF00000000000
000FF00000000000
000FF00000000000
000FF00000000000
000FF00000000000
000FF00000000000
000FF00000000000
000FF00000000000
000FF00000000000
000FF00000000000
000FF00000000000
000FF00000000000
ENDCHAR
STARTCHAR U+2566
ENCODING 9574
SWIDTH 3200 0
DWIDTH 32 0
BBX 32 64 0 0
BITMAP
FF00000000000000
FF00000000000000
FF00000000000000
FF00000000000000
FF00000000000000
FF00000000000000
FF00000000000000
FF00000000000000
FF00000000000000
FF00000000000000
FF00000000000000
FF00000000000000
FF00000000000000
FF00000000000000
FF00000000000000
FF00000000000000
00FF000000000000
00FF000000000000
00FF000000000000
00FF000000000000
00FF000000000000
00FF000000000000
00FF000000000000
00FF000000000000
00FF000000000000
00FF000000000000
00FF000000000000
00FF000000000000
00FF000000000000
00FF000000000000
00FF000000000000
00FF000000000000
FF00000000000000
FF00000000000000
FF00000000000000
FF00000000000000
FF00000000000000
FF00000000000000
FF00000000000000
FF00000000000000
FF00000000000000
FF00000000000000
FF00000000000000
FF00000000000000
FF00000000000000
FF00000000000000
FF00000000000000
FF00000000000000
00FF000000000000
00FF000000000000
00FF000000000000
00FF000000000000
00FF000000000000
00FF000000000000
00FF000000000000
00FF000000000000
00FF000000000000
00FF000000000000
00FF000000000000
00FF000000000000
00FF000000000000
00FF000000000000
00FF000000000000
00FF000000000000
ENDCHAR
STARTCHAR U+2560
ENCODING 9568
SWIDTH 3200 0
DWIDTH 32 0
BBX 32 64 0 0
BITMAP
000FF00000000000
000FF00000000000
000FF00000000000
000FF00000000000
000FF00000000000
000FF00000000000
000FF00000000000
000FF00000000000
000FF00000000000
000FF00000000000
000FF00000000000
000FF00000000000
000FF00000000000
000FF00000000000
000FF00000000000
000FF00000000000
000FF00000000000
000FF00000000000
000FF00000000000
000FF00000000000
000FF00000000000
000FF00000000000
000FF00000000000
000FF00000000000
000FF00000000000
000FF00000000000
000FF00000000000
000FF00000000000
000FF00000000000
000FF00000000000
000FF00000000000
000FF00000000000
000FF00000000000
000FF00000000000
000FF00000000000
000FF00000000000
000FF00000000000
000FF00000000000
000FF00000000000
000FF00000000000
000FF00000000000
000FF00000000000
000FF00000000000
000FF00000000000
000FF00000000000
000FF00000000000
000FF00000000000
000FF00000000000
000FF00000000000
000FF00000000000
000FF00000000000
000FF00000000000
000FF00000000000
000FF00000000000
000FF00000000000
000FF00000000000
000FF00000000000
000FF00000000000
000FF00000000000
000FF00000000000
000FF00000000000
000FF00000000000
000FF00000000000
000FF00000000000
ENDCHAR
STARTCHAR U+2550
ENCODING 9552
SWIDTH 3200 0
DWIDTH 32 0
BBX 32 64 0 0
BITMAP
00FF00FF00000000
00FF00FF00000000
00FF00FF00000000
00FF00FF00000000
00FF00FF00000000
00FF00FF00000000
00FF00FF00000000
00FF00FF00000000
00FF00FF00000000
00FF00FF00000000
00FF00FF00000000
00FF00FF00000000
00FF00FF00000000
00FF00FF00000000
00FF00FF00000000
00FF00FF00000000
FF00FF0000000000
FF00FF0000000000
FF00FF0000000000
FF00FF0000000000
FF00FF0000000000
FF00FF0000000000
FF00FF0000000000
FF00FF0000000000
FF00FF0000000000
FF00FF0000000000
FF00FF0000000000
FF00FF0000000000
FF00FF0000000000
FF00FF0000000000
FF00FF0000000000
FF00FF0000000000
00FF00FF00000000
00FF00FF00000000
00FF00FF00000000
00FF00FF00000000
00FF00FF00000000
00FF00FF00000000
00FF00FF00000000
00FF00FF00000000
00FF00FF00000000
00FF00FF00000000
00FF00FF00000000
00FF00FF00000000
00FF00FF00000000
00FF00FF00000000
00FF00FF00000000
00FF00FF00000000
FF00FF0000000000
FF00FF0000000000
FF00FF0000000000
FF00FF0000000000
FF00FF0000000000
FF00FF0000000000
FF00FF0000000000
FF00FF0000000000
FF00FF0000000000
FF00FF0000000000
FF00FF0000000000
FF00FF0000000000
FF00FF0000000000
FF00FF0000000000
FF00FF0000000000
FF00FF0000000000
ENDCHAR
STARTCHAR U+256C
ENCODING 9580
SWIDTH 3200 0
DWIDTH 32 0
BBX 32 64 0 0
BITMAP
00FF00FF00000000
00FF00FF00000000
00FF00FF00000000
00FF00FF00000000
00FF00FF00000000
00FF00FF00000000
00FF00FF00000000
00FF00FF00000000
F00FF00F00000000
F00FF00F00000000
F00FF00F00000000
F00FF00F00000000
F00FF00F00000000
F00FF00F00000000
F00FF00F00000000
F00FF00F00000000
FF00FF0000000000
FF00FF0000000000
FF00FF0000000000
FF00FF0000000000
FF00FF0000000000
FF00FF0000000000
FF00FF0000000000
FF00FF0000000000
0FF00FF000000000
0FF00FF000000000
0FF00FF000000000
0FF00FF000000000
0FF00FF000000000
0FF00FF000000000
0FF00FF000000000
0FF00FF000000000
00FF00FF00000000
00FF00FF00000000
00FF00FF00000000
00FF00FF00000000
00FF00FF00000000
00FF00FF00000000
00FF00FF00000000
00FF00FF00000000
F00FF00F00000000
F00FF00F00000000
F00FF00F00000000
F00FF00F00000000
F00FF00F00000000
F00FF00F00000000
F00FF00F00000000
F00FF00F00000000
FF00FF0000000000
FF00FF0000000000
FF00FF0000000000
FF00FF0000000000
FF00FF0000000000
FF00FF0000000000
FF00FF0000000000
FF00FF0000000000
0FF00FF000000000
0FF00FF000000000
0FF00FF000000000
0FF00FF000000000
0FF00FF000000000
0FF00FF000000000
0FF00FF000000000
0FF00FF000000000
ENDCHAR
STARTCHAR U+2567
ENCODING 9575
SWIDTH 3200 0
DWIDTH 32 0
BBX 32 64 0 0
BITMAP
0000000000000000
0000000000000000
0000000000000000
0000000000000000
0000000000000000
0000000000000000
0000000000000000
0000000000000000
0000000000000000
0000000000000000
0000000000000000
0000000000000000
0000000000000000
0000000000000000
0000000000000000
0000000000000000
0000000000000000
0000000000000000
0000000000000000
0000000000000000
0000000000000000
0000000000000000
0000000000000000
0000000000000000
0000000000000000
0000000000000000
0000000000000000
0000000000000000
0000000000000000
0000000000000000
0000000000000000
0000000000000000
0000000000000000
0000000000000000
0000000000000000
0000000000000000
0000000000000000
0000000000000000
0000000000000000
0000000000000000
0000000000000000
0000000000000000
0000000000000000
0000000000000000
0000000000000000
0000000000000000
0000000000000000
0000000000000000
0000000000000000
0000000000000000
0000000000000000
0000000000000000
0000000000000000
0000000000000000
0000000000000000
0000000000000000
0000000000000000
0000000000000000
0000000000000000
0000000000000000
0000000000000000
0000000000000000
0000000000000000
0000000000000000
ENDCHAR
STARTCHAR U+2568
ENCODING 9576
SWIDTH 3200 0
DWIDTH 32 0
BBX 32 64 0 0
BITMAP
FFFF000000000000
FFFF000000000000
FFFF000000000000
FFFF000000000000
FFFF000000000000
FFFF000000000000
FFFF000000000000
FFFF000000000000
FFFF000000000000
FFFF000000000000
FFFF000000000000
FFFF000000000000
FFFF000000000000
FFFF000000000000
FFFF000000000000
FFFF000000000000
FFFF000000000000
FFFF000000000000
FFFF000000000000
FFFF000000000000
FFFF000000000000
FFFF000000000000
FFFF000000000000
FFFF000000000000
FFFF000000000000
FFFF000000000000
FFFF000000000000
FFFF000000000000
FFFF000000000000
FFFF000000000000
FFFF000000000000
FFFF000000000000
FFFF000000000000
FFFF000000000000
FFFF000000000000
FFFF000000000000
FFFF000000000000
FFFF000000000000
FFFF000000000000
FFFF000000000000
FFFF000000000000
FFFF000000000000
FFFF000000000000
FFFF000000000000
FFFF000000000000
FFFF000000000000
FFFF000000000000
FFFF000000000000
FFFF000000000000
FFFF000000000000
FFFF000000000000
FFFF000000000000
FFFF000000000000
FFFF000000000000
FFFF000000000000
FFFF000000000000
FFFF000000000000
FFFF000000000000
FFFF000000000000
FFFF000000000000
FFFF000000000000
FFFF000000000000
FFFF000000000000
FFFF000000000000
ENDCHAR
STARTCHAR U+2564
ENCODING 9572
SWIDTH 3200 0
DWIDTH 32 0
BBX 32 64 0 0
BITMAP
0000000000000000
0000000000000000
0000000000000000
0000000000000000
0000000000000000
0000000000000000
0000000000000000
0000000000000000
0000000000000000
0000000000000000
0000000000000000
0000000000000000
0000000000000000
0000000000000000
0000000000000000
0000000000000000
0000000000000000
0000000000000000
0000000000000000
0000000000000000
0000000000000000
0000000000000000
0000000000000000
0000000000000000
0000000000000000
0000000000000000
0000000000000000
0000000000000000
0000000000000000
0000000000000000
0000000000000000
0000000000000000
FFFFFFFF00000000
FFFFFFFF00000000
FFFFFFFF00000000
FFFFFFFF00000000
FFFFFFFF00000000
FFFFFFFF00000000
FFFFFFFF00000000
FFFFFFFF00000000
FFFFFFFF00000000
FFFFFFFF00000000
FFFFFFFF00000000
FFFFFFFF00000000
FFFFFFFF00000000
FFFFFFFF00000000
FFFFFFFF00000000
FFFFFFFF00000000
FFFFFFFF00000000
FFFFFFFF00000000
FFFFFFFF00000000
FFFFFFFF00000000
FFFFFFFF00000000
FFFFFFFF00000000
FFFFFFFF00000000
FFFFFFFF00000000
FFFFFFFF00000000
FFFFFFFF00000000
FFFFFFFF00000000
FFFFFFFF00000000
FFFFFFFF00000000
FFFFFFFF00000000
FFFFFFFF00000000
FFFFFFFF00000000
ENDCHAR
STARTCHAR U+2565
ENCODING 9573
SWIDTH 3200 0
DWIDTH 32 0
BBX 32 64 0 0
BITMAP
FFFFFFFF00000000
FFFFFFFF00000000
FFFFFFFF00000000
FFFFFFFF00000000
FFFFFFFF00000000
FFFFFFFF00000000
FFFFFFFF00000000
FFFFFFFF00000000
0000000000000000
0000000000000000
0000000000000000
0000000000000000
0000000000000000
0000000000000000
0000000000000000
0000000000000000
0000000000000000
0000000000000000
0000000000000000
0000000000000000
0000000000000000
0000000000000000
0000000000000000
0000000000000000
0000000000000000
0000000000000000
0000000000000000
0000000000000000
0000000000000000
0000000000000000
0000000000000000
0000000000000000
0000000000000000
0000000000000000
0000000000000000
0000000000000000
0000000000000000
0000000000000000
0000000000000000
0000000000000000
0000000000000000
0000000000000000
0000000000000000
0000000000000000
0000000000000000
0000000000000000
0000000000000000
0000000000000000
0000000000000000
0000000000000000
0000000000000000
0000000000000000
0000000000000000
0000000000000000
0000000000000000
0000000000000000
0000000000000000
0000000000000000
0000000000000000
0000000000000000
0000000000000000
0000000000000000
0000000000000000
0000000000000000
ENDCHAR
STARTCHAR U+2559
ENCODING 9561
SWIDTH 3200 0
DWIDTH 32 0
BBX 32 64 0 0
BITMAP
0000000000000000
0000000000000000
0000000000000000
0000000000000000
0000000000000000
0000000000000000
0000000000000000
0000000000000000
0000000000000000
0000000000000000
0000000000000000
0000000000000000
0000000000000000
0000000000000000
0000000000000000
0000000000000000
0000000000000000
0000000000000000
0000000000000000
0000000000000000
0000000000000000
0000000000000000
0000000000000000
0000000000000000
0000000000000000
0000000000000000
0000000000000000
0000000000000000
0000000000000000
0000000000000000
0000000000000000
0000000000000000
0000000000000000
0000000000000000
0000000000000000
0000000000000000
0000000000000000
0000000000000000
0000000000000000
0000000000000000
0000000000000000
0000000000000000
0000000000000000
0000000000000000
0000000000000000
0000000000000000
0000000000000000
0000000000000000
0000000000000000
0000000000000000
0000000000000000
0000000000000000
0000000000000000
0000000000000000
0000000000000000
0000000000000000
FFFFFFFF00000000
FFFFFFFF00000000
FFFFFFFF00000000
FFFFFFFF00000000
FFFFFFFF00000000
FFFFFFFF00000000
FFFFFFFF00000000
FFFFFFFF00000000
ENDCHAR
STARTCHAR U+2558
ENCODING 9560
SWIDTH 3200 0
DWIDTH 32 0
BBX 32 64 0 0
BITMAP
FF00000000000000
FF00000000000000
FF00000000000000
FF00000000000000
FF00000000000000
FF00000000000000
FF00000000000000
FF00000000000000
FF00000000000000
FF00000000000000
FF00000000000000
FF00000000000000
FF00000000000000
FF00000000000000
FF00000000000000
FF00000000000000
FF00000000000000
FF00000000000000
FF00000000000000
FF00000000000000
FF00000000000000
FF00000000000000
FF00000000000000
FF00000000000000
FF00000000000000
FF00000000000000
FF00000000000000
FF00000000000000
FF00000000000000
FF00000000000000
FF00000000000000
FF00000000000000
FF00000000000000
FF00000000000000
FF00000000000000
FF00000000000000
FF00000000000000
FF00000000000000
FF00000000000000
FF00000000000000
FF00000000000000
FF00000000000000
FF00000000000000
FF00000000000000
FF00000000000000
FF00000000000000
FF00000000000000
FF00000000000000
FF00000000000000
FF00000000000000
FF00000000000000
FF00000000000000
FF00000000000000
FF00000000000000
FF00000000000000
FF00000000000000
FF00000000000000
FF00000000000000
FF00000000000000
FF00000000000000
FF00000000000000
FF00000000000000
FF00000000000000
FF00000000000000
ENDCHAR
STARTCHAR U+2552
ENCODING 9554
SWIDTH 3200 0
DWIDTH 32 0
BBX 32 64 0 0
BITMAP
FF00FF0000000000
FF00FF0000000000
FF00FF0000000000
FF00FF0000000000
FF00FF0000000000
FF00FF0000000000
FF00FF0000000000
FF00FF0000000000
FF00FF0000000000
FF00FF0000000000
FF00FF0000000000
FF00FF0000000000
FF00FF0000000000
FF00FF0000000000
FF00FF0000000000
FF00FF0000000000
00FF00FF00000000
00FF00FF00000000
00FF00FF00000000
00FF00FF00000000
00FF00FF00000000
00FF00FF00000000
00FF00FF00000000
00FF00FF00000000
00FF00FF00000000
00FF00FF00000000
00FF00FF00000000
00FF00FF00000000
00FF00FF00000000
00FF00FF00000000
00FF00FF00000000
00FF00FF00000000
FF00FF0000000000
FF00FF0000000000
FF00FF0000000000
FF00FF0000000000
FF00FF0000000000
FF00FF0000000000
FF00FF0000000000
FF00FF0000000000
FF00FF0000000000
FF00FF0000000000
FF00FF0000000000
FF00FF0000000000
FF00FF0000000000
FF00FF0000000000
FF00FF0000000000
FF00FF0000000000
00FF00FF00000000
00FF00FF00000000
00FF00FF00000000
00FF00FF00000000
00FF00FF00000000
00FF00FF00000000
00FF00FF00000000
00FF00FF00000000
00FF00FF00000000
00FF00FF00000000
00FF00FF00000000
00FF00FF00000000
00FF00FF00000000
00FF00FF00000000
00FF00FF00000000
00FF00FF00000000
ENDCHAR
STARTCHAR U+2553
ENCODING 9555
SWIDTH 3200 0
DWIDTH 32 0
BBX 32 64 0 0
BITMAP
000000FF00000000
000000FF00000000
000000FF00000000
000000FF00000000
000000FF00000000
000000FF00000000
000000FF00000000
000000FF00000000
000000FF00000000
000000FF00000000
000000FF00000000
000000FF00000000
000000FF00000000
000000FF00000000
000000FF00000000
000000FF00000000
000000FF00000000
000000FF00000000
000000FF00000000
000000FF00000000
000000FF00000000
000000FF00000000
000000FF00000000
000000FF00000000
000000FF00000000
000000FF00000000
000000FF00000000
000000FF00000000
000000FF00000000
000000FF00000000
000000FF00000000
000000FF00000000
000000FF00000000
000000FF00000000
000000FF00000000
000000FF00000000
000000FF00000000
000000FF00000000
000000FF00000000
000000FF00000000
000000FF00000000
000000FF00000000
000000FF00000000
000000FF00000000
000000FF00000000
000000FF00000000
000000FF00000000
000000FF00000000
000000FF00000000
000000FF00000000
000000FF00000000
000000FF00000000
000000FF00000000
000000FF00000000
000000FF00000000
000000FF00000000
000000FF00000000
000000FF00000000
000000FF00000000
000000FF00000000
000000FF00000000
000000FF00000000
000000FF00000000
000000FF00000000
ENDCHAR
STARTCHAR U+256B
ENCODING 9579
SWIDTH 3200 0
DWIDTH 32 0
BBX 32 64 0 0
BITMAP
0000000000000000
0000000000000000
0000000000000000
0000000000000000
0000000000000000
0000000000000000
0000000000000000
0000000000000000
0000000000000000
0000000000000000
0000000000000000
0000000000000000
0000000000000000
0000000000000000
0000000000000000
0000000000000000
0000000000000000
0000000000000000
0000000000000000
0000000000000000
0000000000000000
0000000000000000
0000000000000000
0000000000000000
0000000000000000
0000000000000000
0000000000000000
0000000000000000
0000000000000000
0000000000000000
0000000000000000
0000000000000000
FF00FF0000000000
FF00FF0000000000
FF00FF0000000000
FF00FF0000000000
FF00FF0000000000
FF00FF0000000000
FF00FF0000000000
FF00FF0000000000
FF00FF0000000000
FF00FF0000000000
FF00FF0000000000
FF00FF0000000000
FF00FF0000000000
FF00FF0000000000
FF00FF0000000000
FF00FF0000000000
00FF00FF00000000
00FF00FF00000000
00FF00FF00000000
00FF00FF00000000
00FF00FF00000000
00FF00FF00000000
00FF00FF00000000
00FF00FF00000000
00FF00FF00000000
00FF00FF00000000
00FF00FF00000000
00FF00FF00000000
00FF00FF00000000
00FF00FF00000000
00FF00FF00000000
00FF00FF00000000
ENDCHAR
STARTCHAR U+256A
ENCODING 9578
SWIDTH 3200 0
DWIDTH 32 0
BBX 32 64 0 0
BITMAP
FF00FF0000000000
FF00FF0000000000
FF00FF0000000000
FF00FF0000000000
FF00FF0000000000
FF00FF0000000000
FF00FF0000000000
FF00FF0000000000
F00FF00F00000000
F00FF00F00000000
F00FF00F00000000
F00FF00F00000000
F00FF00F00000000
F00FF00F00000000
F00FF00F00000000
F00FF00F00000000
00FF00FF00000000
00FF00FF00000000
00FF00FF00000000
00FF00FF00000000
00FF00FF00000000
00FF00FF00000000
00FF00FF00000000
00FF00FF00000000
0FF00FF000000000
0FF00FF000000000
0FF00FF000000000
0FF00FF000000000
0FF00FF000000000
0FF00FF000000000
0FF00FF000000000
0FF00FF000000000
FF00FF0000000000
FF00FF0000000000
FF00FF0000000000
FF00FF0000000000
FF00FF0000000000
FF00FF0000000000
FF00FF0000000000
FF00FF0000000000
F00FF00F00000000
F00FF00F00000000
F00FF00F00000000
F00FF00F00000000
F00FF00F00000000
F00FF00F00000000
F00FF00F00000000
F00FF00F00000000
00FF00FF00000000
00FF00FF00000000
00FF00FF00000000
00FF00FF00000000
00FF00FF00000000
00FF00FF00000000
00FF00FF00000000
00FF00FF00000000
0FF00FF000000000
0FF00FF000000000
0FF00FF000000000
0FF00FF000000000
0FF00FF000000000
0FF00FF000000000
0FF00FF000000000
0FF00FF000000000
ENDCHAR
STARTCHAR U+2518
ENCODING 9496
SWIDTH 3200 0
DWIDTH 32 0
BBX 32 64 0 0
BITMAP
000000FF00000000
000000FF00000000
000000FF00000000
000000FF00000000
000000FF00000000
000000FF00000000
000000FF00000000
000000FF00000000
000000FF00000000
000000FF00000000
000000FF00000000
000000FF00000000
000000FF00000000
000000FF00000000
000000FF00000000
000000FF00000000
000000FF00000000
000000FF00000000
000000FF00000000
000000FF00000000
000000FF00000000
000000FF00000000
000000FF00000000
000000FF00000000
000000FF00000000
000000FF00000000
000000FF00000000
000000FF00000000
000000FF00000000
000000FF00000000
000000FF00000000
000000FF00000000
000000FF00000000
000000FF00000000
000000FF00000000
000000FF00000000
000000FF00000000
000000FF00000000
000000FF00000000
000000FF00000000
000000FF00000000
000000FF00000000
000000FF00000000
000000FF00000000
000000FF00000000
000000FF00000000
000000FF00000000
000000FF00000000
000000FF00000000
000000FF00000000
000000FF00000000
000000FF00000000
000000FF00000000
000000FF00000000
000000FF00000000
000000FF00000000
000000FF00000000
000000FF00000000
000000FF00000000
000000FF00000000
000000FF00000000
000000FF00000000
000000FF00000000
000000FF00000000
ENDCHAR
STARTCHAR U+250C
ENCODING 9484
SWIDTH 3200 0
DWIDTH 32 0
BBX 32 64 0 0
BITMAP
000FF00000000000
000FF00000000000
000FF00000000000
000FF00000000000
000FF00000000000
000FF00000000000
000FF00000000000
000FF00000000000
000FF00000000000
000FF00000000000
000FF00000000000
000FF00000000000
000FF00000000000
000FF00000000000
000FF00000000000
000FF00000000000
000FF00000000000
000FF00000000000
000FF00000000000
000FF00000000000
000FF00000000000
000FF00000000000
000FF00000000000
000FF00000000000
000FFFFF00000000
000FFFFF00000000
000FFFFF00000000
000FFFFF00000000
000FFFFF00000000
000FFFFF00000000
000FFFFF00000000
000FFFFF00000000
000FFFFF00000000
000FFFFF00000000
000FFFFF00000000
000FFFFF00000000
000FFFFF00000000
000FFFFF00000000
000FFFFF00000000
000FFFFF00000000
000FF00000000000
000FF00000000000
000FF00000000000
000FF00000000000
000FF00000000000
000FF00000000000
000FF00000000000
000FF00000000000
000FF00000000000
000FF00000000000
000FF00000000000
000FF00000000000
000FF00000000000
000FF00000000000
000FF00000000000
000FF00000000000
000FF00000000000
000FF00000000000
000FF00000000000
000FF00000000000
000FF00000000000
000FF00000000000
000FF00000000000
000FF00000000000
ENDCHAR
STARTCHAR U+2588
ENCODING 9608
SWIDTH 3200 0
DWIDTH 32 0
BBX 32 64 0 0
BITMAP
0000000000000000
0000000000000000
0000000000000000
0000000000000000
0000000000000000
0000000000000000
0000000000000000
0000000000000000
0000000000000000
0000000000000000
0000000000000000
0000000000000000
0000000000000000
0000000000000000
0000000000000000
0000000000000000
0000000000000000
0000000000000000
0000000000000000
0000000000000000
0000000000000000
0000000000000000
0000000000000000
0000000000000000
0000000000000000
0000000000000000
0000000000000000
0000000000000000
0000000000000000
0000000000000000
0000000000000000
0000000000000000
0000FFFF00000000
0000FFFF00000000
0000FFFF00000000
0000FFFF00000000
0000FFFF00000000
0000FFFF00000000
0000FFFF00000000
0000FFFF00000000
0000FFFF00000000
0000FFFF00000000
0000FFFF00000000
0000FFFF00000000
0000FFFF00000000
0000FFFF00000000
0000FFFF00000000
0000FFFF00000000
0000FFFF00000000
0000FFFF00000000
0000FFFF00000000
0000FFFF00000000
0000FFFF00000000
0000FFFF00000000
0000FFFF00000000
0000FFFF00000000
0000FFFF00000000
0000FFFF00000000
0000FFFF00000000
0000FFFF00000000
0000FFFF00000000
0000FFFF00000000
0000FFFF00000000
0000FFFF00000000
ENDCHAR
STARTCHAR U+2584
ENCODING 9604
SWIDTH 3200 0
DWIDTH 32 0
BBX 32 64 0 0
BITMAP
000FF00000000000
000FF00000000000
000FF00000000000
000FF00000000000
000FF00000000000
000FF00000000000
000FF00000000000
000FF00000000000
000FF00000000000
000FF00000000000
000FF00000000000
000FF00000000000
000FF00000000000
000FF00000000000
000FF00000000000
000FF00000000000
000FF00000000000
000FF00000000000
000FF00000000000
000FF00000000000
000FF00000000000
000FF00000000000
000FF00000000000
000FF00000000000
000FFFFF00000000
000FFFFF00000000
000FFFFF00000000
000FFFFF00000000
000FFFFF00000000
000FFFFF00000000
000FFFFF00000000
000FFFFF00000000
000FFFFF00000000
000FFFFF00000000
000FFFFF00000000
000FFFFF00000000
000FFFFF00000000
000FFFFF00000000
000FFFFF00000000
000FFFFF00000000
0000000000000000
0000000000000000
0000000000000000
0000000000000000
0000000000000000
0000000000000000
0000000000000000
0000000000000000
0000000000000000
0000000000000000
0000000000000000
0000000000000000
0000000000000000
0000000000000000
0000000000000000
0000000000000000
0000000000000000
0000000000000000
0000000000000000
0000000000000000
0000000000000000
0000000000000000
0000000000000000
0000000000000000
ENDCHAR
STARTCHAR U+258C
ENCODING 9612
SWIDTH 3200 0
DWIDTH 32 0
BBX 32 64 0 0
BITMAP
0000000000000000
0000000000000000
0000000000000000
0000000000000000
0000000000000000
0000000000000000
0000000000000000
0000000000000000
0000000000000000
0000000000000000
0000000000000000
0000000000000000
0000000000000000
0000000000000000
0000000000000000
0000000000000000
0000000000000000
0000000000000000
0000000000000000
0000000000000000
0000000000000000
0000000000000000
0000000000000000
0000000000000000
FFFFF00000000000
FFFFF00000000000
FFFFF00000000000
FFFFF00000000000
FFFFF00000000000
FFFFF00000000000
FFFFF00000000000
FFFFF00000000000
FFFFF00000000000
FFFFF00000000000
FFFFF00000000000
FFFFF00000000000
FFFFF00000000000
FFFFF00000000000
FFFFF00000000000
FFFFF00000000000
000FF00000000000
000FF00000000000
000FF00000000000
000FF00000000000
000FF00000000000
000FF00000000000
000FF00000000000
000FF00000000000
000FF00000000000
000FF00000000000
000FF00000000000
000FF00000000000
000FF00000000000
000FF00000000000
000FF00000000000
000FF00000000000
000FF00000000000
000FF00000000000
000FF00000000000
000FF00000000000
000FF00000000000
000FF00000000000
000FF00000000000
000FF00000000000
ENDCHAR
STARTCHAR U+2590
ENCODING 9616
SWIDTH 3200 0
DWIDTH 32 0
BBX 32 64 0 0
BITMAP
0000000000000000
0000000000000000
0000000000000000
0000000000000000
0000000000000000
0000000000000000
0000000000000000
0000000000000000
0000000000000000
0000000000000000
0000000000000000
0000000000000000
0000000000000000
0000000000000000
0000000000000000
0000000000000000
0000000000000000
0000000000000000
0000000000000000
0000000000000000
0000000000000000
0000000000000000
0000000000000000
0000000000000000
0000000000000000
0000000000000000
0000000000000000
0000000000000000
0000000000000000
0000000000000000
0000000000000000
0000000000000000
0000000000000000
0000000000000000
0000000000000000
0000000000000000
0000000000000000
0000000000000000
0000000000000000
0000000000000000
0000000000000000
0000000000000000
0000000000000000
0000000000000000
0000000000000000
0000000000000000
0000000000000000
0000000000000000
FFFFFFFF00000000
FFFFFFFF00000000
FFFFFFFF00000000
FFFFFFFF00000000
FFFFFFFF00000000
FFFFFFFF00000000
FFFFFFFF00000000
FFFFFFFF00000000
FFFFFFFF00000000
FFFFFFFF00000000
FFFFFFFF00000000
FFFFFFFF00000000
FFFFFFFF00000000
FFFFFFFF00000000
FFFFFFFF00000000
FFFFFFFF00000000
ENDCHAR
STARTCHAR U+2580
ENCODING 9600
SWIDTH 3200 0
DWIDTH 32 0
BBX 32 64 0 0
BITMAP
0000000000000000
0000000000000000
0000000000000000
0000000000000000
0000000000000000
0000000000000000
0000000000000000
0000000000000000
0000000000000000
0000000000000000
0000000000000000
0000000000000000
0000000000000000
0000000000000000
0000000000000000
0000000000000000
0000000000000000
0000000000000000
0000000000000000
0000000000000000
0000000000000000
0000000000000000
0000000000000000
0000000000000000
000FFFFF00000000
000FFFFF00000000
000FFFFF00000000
000FFFFF00000000
000FFFFF00000000
000FFFFF00000000
000FFFFF00000000
000FFFFF00000000
000FFFFF00000000
000FFFFF00000000
000FFFFF00000000
000FFFFF00000000
000FFFFF00000000
000FFFFF00000000
000FFFFF00000000
000FFFFF00000000
000FF00000000000
000FF00000000000
000FF00000000000
000FF00000000000
000FF00000000000
000FF00000000000
000FF00000000000
000FF00000000000
000FF00000000000
000FF00000000000
000FF00000000000
000FF00000000000
000FF00000000000
000FF00000000000
000FF00000000000
000FF00000000000
000FF00000000000
000FF00000000000
000FF00000000000
000FF00000000000
000FF00000000000
000FF00000000000
000FF00000000000
000FF00000000000
ENDCHAR
STARTCHAR U+03B1
ENCODING 945
SWIDTH 3200 0
DWIDTH 32 0
BBX 32 64 0 0
BITMAP
000FF00000000000
000FF00000000000
000FF00000000000
000FF00000000000
000FF00000000000
000FF00000000000
000FF00000000000
000FF00000000000
000FF00000000000
000FF00000000000
000FF00000000000
000FF00000000000
000FF00000000000
000FF00000000000
000FF00000000000
000FF00000000000
000FF00000000000
000FF00000000000
000FF00000000000
000FF00000000000
000FF00000000000
000FF00000000000
000FF00000000000
000FF00000000000
FFFFFFFF00000000
FFFFFFFF00000000
FFFFFFFF00000000
FFFFFFFF00000000
FFFFFFFF00000000
FFFFFFFF00000000
FFFFFFFF00000000
FFFFFFFF00000000
FFFFFFFF00000000
FFFFFFFF00000000
FFFFFFFF00000000
FFFFFFFF00000000
FFFFFFFF00000000
FFFFFFFF00000000
FFFFFFFF00000000
FFFFFFFF00000000
0000000000000000
0000000000000000
0000000000000000
0000000000000000
0000000000000000
0000000000000000
0000000000000000
0000000000000000
0000000000000000
0000000000000000
0000000000000000
0000000000000000
0000000000000000
0000000000000000
0000000000000000
0000000000000000
0000000000000000
0000000000000000
0000000000000000
0000000000000000
0000000000000000
0000000000000000
0000000000000000
0000000000000000
ENDCHAR
STARTCHAR U+00DF
ENCODING 223
SWIDTH 3200 0
DWIDTH 32 0
BBX 32 64 0 0
BITMAP
0000000000000000
0000000000000000
0000000000000000
0000000000000000
0000000000000000
0000000000000000
0000000000000000
0000000000000000
0000000000000000
0000000000000000
0000000000000000
0000000000000000
0000000000000000
0000000000000000
0000000000000000
0000000000000000
0000000000000000
0000000000000000
0000000000000000
0000000000000000
0000000000000000
0000000000000000
0000000000000000
0000000000000000
FFFFFFFF00000000
FFFFFFFF00000000
FFFFFFFF00000000
FFFFFFFF00000000
FFFFFFFF00000000
FFFFFFFF00000000
FFFFFFFF00000000
FFFFFFFF00000000
FFFFFFFF00000000
FFFFFFFF00000000
FFFFFFFF00000000
FFFFFFFF00000000
FFFFFFFF00000000
FFFFFFFF00000000
FFFFFFFF00000000
FFFFFFFF00000000
000FF00000000000
000FF00000000000
000FF00000000000
000FF00000000000
000FF00000000000
000FF00000000000
000FF00000000000
000FF00000000000
000FF00000000000
000FF00000000000
000FF00000000000
000FF00000000000
000FF00000000000
000FF00000000000
000FF00000000000
000FF00000000000
000FF00000000000
000FF00000000000
000FF00000000000
000FF00000000000
000FF00000000000
000FF00000000000
000FF00000000000
000FF00000000000
ENDCHAR
STARTCHAR U+0393
ENCODING 915
SWIDTH 3200 0
DWIDTH 32 0
BBX 32 64 0 0
BITMAP
000FF00000000000
000FF00000000000
000FF00000000000
000FF00000000000
000FF00000000000
000FF00000000000
000FF00000000000
000FF00000000000
000FF00000000000
000FF00000000000
000FF00000000000
000FF00000000000
000FF00000000000
000FF00000000000
000FF00000000000
000FF00000000000
000FF00000000000
000FF00000000000
000FF00000000000
000FF00000000000
000FF00000000000
000FF00000000000
000FF00000000000
000FF00000000000
FFFFF00000000000
FFFFF00000000000
FFFFF00000000000
FFFFF00000000000
FFFFF00000000000
FFFFF00000000000
FFFFF00000000000
FFFFF00000000000
FFFFF00000000000
FFFFF00000000000
FFFFF00000000000
FFFFF00000000000
FFFFF00000000000
FFFFF00000000000
FFFFF00000000000
FFFFF00000000000
000FF00000000000
000FF00000000000
000FF00000000000
000FF00000000000
000FF00000000000
000FF00000000000
000FF00000000000
000FF00000000000
000FF00000000000
000FF00000000000
000FF00000000000
000FF00000000000
000FF00000000000
000FF00000000000
000FF00000000000
000FF00000000000
000FF00000000000
000FF00000000000
000FF00000000000
000FF00000000000
000FF00000000000
000FF00000000000
000FF00000000000
000FF00000000000
ENDCHAR
STARTCHAR U+03C0
ENCODING 960
SWIDTH 3200 0
DWIDTH 32 0
BBX 32 64 0 0
BITMAP
FF00000000000000
FF00000000000000
FF00000000000000
FF00000000000000
FF00000000000000
FF00000000000000
FF00000000000000
FF00000000000000
FF00000000000000
FF00000000000000
FF00000000000000
FF00000000000000
FF00000000000000
FF00000000000000
FF00000000000000
FF00000000000000
FF00000000000000
FF00000000000000
FF00000000000000
FF00000000000000
FF00000000000000
FF00000000000000
FF00000000000000
FF00000000000000
FF00000000000000
FF00000000000000
FF00000000000000
FF00000000000000
FF00000000000000
FF00000000000000
FF00000000000000
FF00000000000000
FF00000000000000
FF00000000000000
FF00000000000000
FF00000000000000
FF00000000000000
FF00000000000000
FF00000000000000
FF00000000000000
FF00000000000000
FF00000000000000
FF00000000000000
FF00000000000000
FF00000000000000
FF00000000000000
FF00000000000000
FF00000000000000
FF00000000000000
FF00000000000000
FF00000000000000
FF00000000000000
FF00000000000000
FF00000000000000
FF00000000000000
FF00000000000000
FF00000000000000
FF00000000000000
FF00000000000000
FF00000000000000
FF00000000000000
FF00000000000000
FF00000000000000
FF00000000000000
ENDCHAR
STARTCHAR U+03A3
ENCODING 931
SWIDTH 3200 0
DWIDTH 32 0
BBX 32 64 0 0
BITMAP
FFF0000000000000
FFF0000000000000
FFF0000000000000
FFF0000000000000
FFF0000000000000
FFF0000000000000
FFF0000000000000
FFF0000000000000
FFF0000000000000
FFF0000000000000
FFF0000000000000
FFF0000000000000
FFF0000000000000
FFF0000000000000
FFF0000000000000
FFF0000000000000
FFF0000000000000
FFF0000000000000
FFF0000000000000
FFF0000000000000
FFF0000000000000
FFF0000000000000
FFF0000000000000
FFF0000000000000
FFF0000000000000
FFF0000000000000
FFF0000000000000
FFF0000000000000
FFF0000000000000
FFF0000000000000
FFF0000000000000
FFF0000000000000
FFF0000000000000
FFF0000000000000
FFF0000000000000
FFF0000000000000
FFF0000000000000
FFF0000000000000
FFF0000000000000
FFF0000000000000
FFF0000000000000
FFF0000000000000
FFF0000000000000
FFF0000000000000
FFF0000000000000
FFF0000000000000
FFF0000000000000
FFF0000000000000
FFF0000000000000
FFF0000000000000
FFF0000000000000
FFF0000000000000
FFF0000000000000
FFF0000000000000
FFF0000000000000
FFF0000000000000
FFF0000000000000
FFF0000000000000
FFF0000000000000
FFF0000000000000
FFF0000000000000
FFF0000000000000
FFF0000000000000
FFF0000000000000
ENDCHAR
STARTCHAR U+03C3
ENCODING 963
SWIDTH 3200 0
DWIDTH 32 0
BBX 32 64 0 0
BITMAP
00000FFF00000000
00000FFF00000000
00000FFF00000000
00000FFF00000000
00000FFF00000000
00000FFF00000000
00000FFF00000000
00000FFF00000000
00000FFF00000000
00000FFF00000000
00000FFF00000000
00000FFF00000000
00000FFF00000000
00000FFF00000000
00000FFF00000000
00000FFF00000000
00000FFF00000000
00000FFF00000000
00000FFF00000000
00000FFF00000000
00000FFF00000000
00000FFF00000000
00000FFF00000000
00000FFF00000000
00000FFF00000000
00000FFF00000000
00000FFF00000000
00000FFF00000000
00000FFF00000000
00000FFF00000000
00000FFF00000000
00000FFF00000000
00000FFF00000000
00000FFF00000000
00000FFF00000000
00000FFF00000000
00000FFF00000000
00000FFF00000000
00000FFF00000000
00000FFF00000000
00000FFF00000000
00000FFF00000000
00000FFF00000000
00000FFF00000000
00000FFF00000000
00000FFF00000000
00000FFF00000000
00000FFF00000000
00000FFF00000000
00000FFF00000000
00000FFF00000000
00000FFF00000000
00000FFF00000000
00000FFF00000000
00000FFF00000000
00000FFF00000000
00000FFF00000000
00000FFF00000000
00000FFF00000000
00000FFF00000000
00000FFF00000000
00000FFF00000000
00000FFF00000000
00000FFF00000000
ENDCHAR
STARTCHAR U+00B5
ENCODING 181
SWIDTH 3200 0
DWIDTH 32 0
BBX 32 64 0 0
BITMAP
FFFFFFFF00000000
FFFFFFFF00000000
FFFFFFFF00000000
FFFFFFFF00000000
FFFFFFFF00000000
FFFFFFFF00000000
FFFFFFFF00000000
FFFFFFFF00000000
FFFFFFFF00000000
FFFFFFFF00000000
FFFFFFFF00000000
FFFFFFFF00000000
FFFFFFFF00000000
FFFFFFFF00000000
FFFFFFFF00000000
FFFFFFFF00000000
0000000000000000
0000000000000000
0000000000000000
0000000000000000
0000000000000000
0000000000000000
0000000000000000
0000000000000000
0000000000000000
0000000000000000
0000000000000000
0000000000000000
0000000000000000
0000000000000000
0000000000000000
0000000000000000
0000000000000000
0000000000000000
0000000000000000
0000000000000000
0000000000000000
0000000000000000
0000000000000000
0000000000000000
0000000000000000
0000000000000000
0000000000000000
0000000000000000
0000000000000000
0000000000000000
0000000000000000
0000000000000000
0000000000000000
0000000000000000
0000000000000000
0000000000000000
0000000000000000
0000000000000000
0000000000000000
0000000000000000
0000000000000000
0000000000000000
0000000000000000
0000000000000000
0000000000000000
0000000000000000
0000000000000000
0000000000000000
ENDCHAR
STARTCHAR U+03C4
ENCODING 964
SWIDTH 3200 0
DWIDTH 32 0
BBX 32 64 0 0
BITMAP
FFFFFFFF00000000
FFFFFFFF00000000
FFFFFFFF00000000
FFFFFFFF00000000
FFFFFFFF00000000
FFFFFFFF00000000
FFFFFFFF00000000
FFFFFFFF00000000
FFFFFFFF00000000
FFFFFFFF00000000
FFFFFFFF00000000
FFFFFFFF00000000
FFFFFFFF00000000
FFFFFFFF00000000
FFFFFFFF00000000
FFFFFFFF00000000
FFFFFFFF00000000
FFFFFFFF00000000
FFFFFFFF00000000
FFFFFFFF00000000
FFFFFFFF00000000
FFFFFFFF00000000
FFFFFFFF00000000
FFFFFFFF00000000
0000000000000000
0000000000000000
0000000000000000
0000000000000000
0000000000000000
0000000000000000
0000000000000000
0000000000000000
0000000000000000
0000000000000000
0000000000000000
0000000000000000
0000000000000000
0000000000000000
0000000000000000
0000000000000000
0000000000000000
0000000000000000
0000000000000000
0000000000000000
0000000000000000
0000000000000000
0000000000000000
0000000000000000
0000000000000000
0000000000000000
0000000000000000
0000000000000000
0000000000000000
0000000000000000
0000000000000000
0000000000000000
0000000000000000
0000000000000000
0000000000000000
0000000000000000
0000000000000000
0000000000000000
0000000000000000
0000000000000000
ENDCHAR
STARTCHAR U+03A6
ENCODING 934
SWIDTH 3200 0
DWIDTH 32 0
BBX 32 64 0 0
BITMAP
0000000000000000
0000000000000000
0000000000000000
0000000000000000
0000000000000000
0000000000000000
0000000000000000
0000000000000000
0000000000000000
0000000000000000
0000000000000000
0000000000000000
0000000000000000
0000000000000000
0000000000000000
0000000000000000
0000000000000000
0000000000000000
0000000000000000
0000000000000000
0000000000000000
0000000000000000
0000000000000000
0000000000000000
0000000000000000
0000000000000000
0000000000000000
0000000000000000
0000000000000000
0000000000000000
0000000000000000
0000000000000000
0000000000000000
0000000000000000
0000000000000000
0000000000000000
0000000000000000
0000000000000000
0000000000000000
0000000000000000
FFFFFFFF00000000
FFFFFFFF00000000
FFFFFFFF00000000
FFFFFFFF00000000
FFFFFFFF00000000
FFFFFFFF00000000
FFFFFFFF00000000
FFFFFFFF00000000
FFFFFFFF00000000
FFFFFFFF00000000
FFFFFFFF00000000
FFFFFFFF00000000
FFFFFFFF00000000
FFFFFFFF00000000
FFFFFFFF00000000
FFFFFFFF00000000
FFFFFFFF00000000
FFFFFFFF00000000
FFFFFFFF00000000
FFFFFFFF00000000
FFFFFFFF00000000
FFFFFFFF00000000
FFFFFFFF00000000
FFFFFFFF00000000
ENDCHAR
STARTCHAR U+0398
ENCODING 920
SWIDTH 3200 0
DWIDTH 32 0
BBX 32 64 0 0
BITMAP
0000000F00000000
0000000F00000000
0000000F00000000
0000000F00000000
0000000F00000000
0000000F00000000
0000000F00000000
0000000F00000000
000000FF00000000
000000FF00000000
000000FF00000000
000000FF00000000
000000FF00000000
000000FF00000000
000000FF00000000
000000FF00000000
00000FF000000000
00000FF000000000
00000FF000000000
00000FF000000000
00000FF000000000
00000FF000000000
00000FF000000000
00000FF000000000
0FF0FF0000000000
0FF0FF0000000000
0FF0FF0000000000
0FF0FF0000000000
0FF0FF0000000000
0FF0FF0000000000
0FF0FF0000000000
0FF0FF0000000000
0FFFF00000000000
0FFFF00000000000
0FFFF00000000000
0FFFF00000000000
0FFFF00000000000
0FFFF00000000000
0FFFF00000000000
0FFFF00000000000
0FFF000000000000
0FFF000000000000
0FFF000000000000
0FFF000000000000
0FFF000000000000
0FFF000000000000
0FFF000000000000
0FFF000000000000
0FF0000000000000
0FF0000000000000
0FF0000000000000
0FF0000000000000
0FF0000000000000
0FF0000000000000
0FF0000000000000
0FF0000000000000
0000000000000000
0000000000000000
0000000000000000
0000000000000000
0000000000000000
0000000000000000
0000000000000000
0000000000000000
ENDCHAR
STARTCHAR U+03A9
ENCODING 937
SWIDTH 3200 0
DWIDTH 32 0
BBX 32 64 0 0
BITMAP
0000000000000000
0000000000000000
0000000000000000
0000000000000000
0000000000000000
0000000000000000
0000000000000000
0000000000000000
0000000000000000
0000000000000000
0000000000000000
0000000000000000
0000000000000000
0000000000000000
0000000000000000
0000000000000000
0000000000000000
0000000000000000
0000000000000000
0000000000000000
0000000000000000
0000000000000000
0000000000000000
0000000000000000
0000000000000000
0000000000000000
0000000000000000
0000000000000000
0000000000000000
0000000000000000
0000000000000000
0000000000000000
FFFF000000000000
FFFF000000000000
FFFF000000000000
FFFF000000000000
FFFF000000000000
FFFF000000000000
FFFF000000000000
FFFF000000000000
FFFF000000000000
FFFF000000000000
FFFF000000000000
FFFF000000000000
FFFF000000000000
FFFF000000000000
FFFF000000000000
FFFF000000000000
FFFF000000000000
FFFF000000000000
FFFF000000000000
FFFF000000000000
FFFF000000000000
FFFF000000000000
FFFF000000000000
FFFF000000000000
FFFF000000000000
FFFF000000000000
FFFF000000000000
FFFF000000000000
FFFF000000000000
FFFF000000000000
FFFF000000000000
FFFF000000000000
ENDCHAR
STARTCHAR U+03B4
ENCODING 948
SWIDTH 3200 0
DWIDTH 32 0
BBX 32 64 0 0
BITMAP
0000FFFF00000000
0000FFFF00000000
0000FFFF00000000
0000FFFF00000000
0000FFFF00000000
0000FFFF00000000
0000FFFF00000000
0000FFFF00000000
0000FFFF00000000
0000FFFF00000000
0000FFFF00000000
0000FFFF00000000
0000FFFF00000000
0000FFFF00000000
0000FFFF00000000
0000FFFF00000000
0000FFFF00000000
0000FFFF00000000
0000FFFF00000000
0000FFFF00000000
0000FFFF00000000
0000FFFF00000000
0000FFFF00000000
0000FFFF00000000
0000FFFF00000000
0000FFFF00000000
0000FFFF00000000
0000FFFF00000000
0000FFFF00000000
0000FFFF00000000
0000FFFF00000000
0000FFFF00000000
0000000000000000
0000000000000000
0000000000000000
0000000000000000
0000000000000000
0000000000000000
0000000000000000
0000000000000000
0000000000000000
0000000000000000
0000000000000000
0000000000000000
0000000000000000
0000000000000000
0000000000000000
0000000000000000
0000000000000000
0000000000000000
0000000000000000
0000000000000000
0000000000000000
0000000000000000
0000000000000000
0000000000000000
0000000000000000
0000000000000000
0000000000000000
0000000000000000
0000000000000000
0000000000000000
0000000000000000
0000000000000000
ENDCHAR
STARTCHAR U+221E
ENCODING 8734
SWIDTH 3200 0
DWIDTH 32 0
BBX 32 64 0 0
BITMAP
000FF00000000000
000FF00000000000
000FF00000000000
000FF00000000000
000FF00000000000
000FF00000000000
000FF00000000000
000FF00000000000
000FF00000000000
000FF00000000000
000FF00000000000
000FF00000000000
000FF00000000000
000FF00000000000
000FF00000000000
000FF00000000000
000FF00000000000
000FF00000000000
000FF00000000000
000FF00000000000
000FF00000000000
000FF00000000000
000FF00000000000
000FF00000000000
FFFFF00000000000
FFFFF00000000000
FFFFF00000000000
FFFFF00000000000
FFFFF00000000000
FFFFF00000000000
FFFFF00000000000
FFFFF00000000000
FFFFF00000000000
FFFFF00000000000
FFFFF00000000000
FFFFF00000000000
FFFFF00000000000
FFFFF00000000000
FFFFF00000000000
FFFFF00000000000
0000000000000000
0000000000000000
0000000000000000
0000000000000000
0000000000000000
0000000000000000
0000000000000000
0000000000000000
0000000000000000
0000000000000000
0000000000000000
0000000000000000
0000000000000000
0000000000000000
0000000000000000
0000000000000000
0000000000000000
0000000000000000
0000000000000000
0000000000000000
0000000000000000
0000000000000000
0000000000000000
0000000000000000
ENDCHAR
STARTCHAR U+03C6
ENCODING 966
SWIDTH 3200 0
DWIDTH 32 0
BBX 32 64 0 0
BITMAP
FFFF000000000000
FFFF000000000000
FFFF000000000000
FFFF000000000000
FFFF000000000000
FFFF000000000000
FFFF000000000000
FFFF000000000000
FFFF000000000000
FFFF000000000000
FFFF000000000000
FFFF000000000000
FFFF000000000000
FFFF000000000000
FFFF000000000000
FFFF000000000000
FFFF000000000000
FFFF000000000000
FFFF000000000000
FFFF000000000000
FFFF000000000000
FFFF000000000000
FFFF000000000000
FFFF000000000000
FFFF000000000000
FFFF000000000000
FFFF000000000000
FFFF000000000000
FFFF000000000000
FFFF000000000000
FFFF000000000000
FFFF000000000000
0000000000000000
0000000000000000
0000000000000000
0000000000000000
0000000000000000
0000000000000000
0000000000000000
0000000000000000
0000000000000000
0000000000000000
0000000000000000
0000000000000000
0000000000000000
0000000000000000
0000000000000000
0000000000000000
0000000000000000
0000000000000000
0000000000000000
0000000000000000
0000000000000000
0000000000000000
0000000000000000
0000000000000000
0000000000000000
0000000000000000
0000000000000000
0000000000000000
0000000000000000
0000000000000000
0000000000000000
0000000000000000
ENDCHAR
STARTCHAR U+03B5
ENCODING 949
SWIDTH 3200 0
DWIDTH 32 0
BBX 32 64 0 0
BITMAP
FFFF000000000000
FFFF000000000000
FFFF000000000000
FFFF000000000000
FFFF000000000000
FFFF000000000000
FFFF000000000000
FFFF000000000000
FFFF000000000000
FFFF000000000000
FFFF000000000000
FFFF000000000000
FFFF000000000000
FFFF000000000000
FFFF000000000000
FFFF000000000000
FFFF000000000000
FFFF000000000000
FFFF000000000000
FFFF000000000000
FFFF000000000000
FFFF000000000000
FFFF000000000000
FFFF000000000000
FFFF000000000000
FFFF000000000000
FFFF000000000000
FFFF000000000000
FFFF000000000000
FFFF000000000000
FFFF000000000000
FFFF000000000000
0000FFFF00000000
0000FFFF00000000
0000FFFF00000000
0000FFFF00000000
0000FFFF00000000
0000FFFF00000000
0000FFFF00000000
0000FFFF00000000
0000FFFF00000000
0000FFFF00000000
0000FFFF00000000
0000FFFF00000000
0000FFFF00000000
0000FFFF00000000
0000FFFF00000000
0000FFFF00000000
0000FFFF00000000
0000FFFF00000000
0000FFFF00000000
0000FFFF00000000
0000FFFF00000000
0000FFFF00000000
0000FFFF00000000
0000FFFF00000000
0000FFFF00000000
0000FFFF00000000
0000FFFF00000000
0000FFFF00000000
0000FFFF00000000
0000FFFF00000000
0000FFFF00000000
0000FFFF00000000
ENDCHAR
STARTCHAR U+2229
ENCODING 8745
SWIDTH 3200 0
DWIDTH 32 0
BBX 32 64 0 0
BITMAP
0000000000000000
0000000000000000
0000000000000000
0000000000000000
0000000000000000
0000000000000000
0000000000000000
0000000000000000
000F000000000000
000F000000000000
000F000000000000
000F000000000000
000F000000000000
000F000000000000
000F000000000000
000F000000000000
000F000000000000
000F000000000000
000F000000000000
000F000000000000
000F000000000000
000F000000000000
000F000000000000
000F000000000000
000F000000000000
000F000000000000
000F000000000000
000F000000000000
000F000000000000
000F000000000000
000F000000000000
000F000000000000
000F000000000000
000F000000000000
000F000000000000
000F000000000000
000F000000000000
000F000000000000
000F000000000000
000F000000000000
000F000000000000
000F000000000000
000F000000000000
000F000000000000
000F000000000000
000F000000000000
000F000000000000
000F000000000000
000F000000000000
000F000000000000
000F000000000000
000F000000000000
000F000000000000
000F000000000000
000F000000000000
000F000000000000
0000000000000000
0000000000000000
0000000000000000
0000000000000000
0000000000000000
0000000000000000
0000000000000000
0000000000000000
ENDCHAR
STARTCHAR U+2261
ENCODING 8801
SWIDTH 3200 0
DWIDTH 32 0
BBX 32 64 0 0
BITMAP
0000F00000000000
0000F00000000000
0000F00000000000
0000F00000000000
0000F00000000000
0000F00000000000
0000F00000000000
0000F00000000000
000F0F0000000000
000F0F0000000000
000F0F0000000000
000F0F0000000000
000F0F0000000000
000F0F0000000000
000F0F0000000000
000F0F0000000000
00F000F000000000
00F000F000000000
00F000F000000000
00F000F000000000
00F000F000000000
00F000F000000000
00F000F000000000
00F000F000000000
0F00000F00000000
0F00000F00000000
0F00000F00000000
0F00000F00000000
0F00000F00000000
0F00000F00000000
0F00000F00000000
0F00000F00000000
0F00000F00000000
0F00000F00000000
0F00000F00000000
0F00000F00000000
0F00000F00000000
0F00000F00000000
0F00000F00000000
0F00000F00000000
000F0F0000000000
000F0F0000000000
000F0F0000000000
000F0F0000000000
000F0F0000000000
000F0F0000000000
000F0F0000000000
000F0F0000000000
00FFFFF000000000
00FFFFF000000000
00FFFFF000000000
00FFFFF000000000
00FFFFF000000000
00FFFFF000000000
00FFFFF000000000
00FFFFF000000000
0000000000000000
0000000000000000
0000000000000000
0000000000000000
0000000000000000
0000000000000000
0000000000000000
0000000000000000
ENDCHAR
STARTCHAR U+00B1
ENCODING 177
SWIDTH 3200 0
DWIDTH 32 0
BBX 32 64 0 0
BITMAP
00FF0FF000000000
00FF0FF000000000
00FF0FF000000000
00FF0FF000000000
00FF0FF000000000
00FF0FF000000000
00FF0FF000000000
00FF0FF000000000
0F00F00F00000000
0F00F00F00000000
0F00F00F00000000
0F00F00F00000000
0F00F00F00000000
0F00F00F00000000
0F00F00F00000000
0F00F00F00000000
0F00000F00000000
0F00000F00000000
0F00000F00000000
0F00000F00000000
0F00000F00000000
0F00000F00000000
0F00000F00000000
0F00000F00000000
0F00000F00000000
0F00000F00000000
0F00000F00000000
0F00000F00000000
0F00000F00000000
0F00000F00000000
0F00000F00000000
0F00000F00000000
00F000F000000000
00F000F000000000
00F000F000000000
00F000F000000000
00F000F000000000
00F000F000000000
00F000F000000000
00F000F000000000
000F0F0000000000
000F0F0000000000
000F0F0000000000
000F0F0000000000
000F0F0000000000
000F0F0000000000
000F0F0000000000
000F0F0000000000
0000F00000000000
0000F00000000000
0000F00000000000
0000F00000000000
0000F00000000000
0000F00000000000
0000F00000000000
0000F00000000000
0000000000000000
0000000000000000
0000000000000000
0000000000000000
0000000000000000
0000000000000000
0000000000000000
0000000000000000
ENDCHAR
STARTCHAR U+2265
ENCODING 8805
SWIDTH 3200 0
DWIDTH 32 0
BBX 32 64 0 0
BITMAP
000FF00000000000
000FF00000000000
000FF00000000000
000FF00000000000
000FF00000000000
000FF00000000000
000FF00000000000
000FF00000000000
000FF00000000000
000FF00000000000
000FF00000000000
000FF00000000000
000FF00000000000
000FF00000000000
000FF00000000000
000FF00000000000
0FFFFFF000000000
0FFFFFF000000000
0FFFFFF000000000
0FFFFFF000000000
0FFFFFF000000000
0FFFFFF000000000
0FFFFFF000000000
0FFFFFF000000000
0FFFFFF000000000
0FFFFFF000000000
0FFFFFF000000000
0FFFFFF000000000
0FFFFFF000000000
0FFFFFF000000000
0FFFFFF000000000
0FFFFFF000000000
000FF00000000000
000FF00000000000
000FF00000000000
000FF00000000000
000FF00000000000
000FF00000000000
000FF00000000000
000FF00000000000
000FF00000000000
000FF00000000000
000FF00000000000
000FF00000000000
000FF00000000000
000FF00000000000
000FF00000000000
000FF00000000000
00FFFF0000000000
00FFFF0000000000
00FFFF0000000000
00FFFF0000000000
00FFFF0000000000
00FFFF0000000000
00FFFF0000000000
00FFFF0000000000
0000000000000000
0000000000000000
0000000000000000
0000000000000000
0000000000000000
0000000000000000
0000000000000000
0000000000000000
ENDCHAR
STARTCHAR U+2264
ENCODING 8804
SWIDTH 3200 0
DWIDTH 32 0
BBX 32 64 0 0
BITMAP
0000F00000000000
0000F00000000000
0000F00000000000
0000F00000000000
0000F00000000000
0000F00000000000
0000F00000000000
0000F00000000000
000F0F0000000000
000F0F0000000000
000F0F0000000000
000F0F0000000000
000F0F0000000000
000F0F0000000000
000F0F0000000000
000F0F0000000000
00F000F000000000
00F000F000000000
00F000F000000000
00F000F000000000
00F000F000000000
00F000F000000000
00F000F000000000
00F000F000000000
0F00000F00000000
0F00000F00000000
0F00000F00000000
0F00000F00000000
0F00000F00000000
0F00000F00000000
0F00000F00000000
0F00000F00000000
00F000F000000000
00F000F000000000
00F000F000000000
00F000F000000000
00F000F000000000
00F000F000000000
00F000F000000000
00F000F000000000
000F0F0000000000
000F0F0000000000
000F0F0000000000
000F0F0000000000
000F0F0000000000
000F0F0000000000
000F0F0000000000
000F0F0000000000
0000F00000000000
0000F00000000000
0000F00000000000
0000F00000000000
0000F00000000000
0000F00000000000
0000F00000000000
0000F00000000000
0000000000000000
0000000000000000
0000000000000000
0000000000000000
0000000000000000
0000000000000000
0000000000000000
0000000000000000
ENDCHAR
STARTCHAR U+2320
ENCODING 8992
SWIDTH 3200 0
DWIDTH 32 0
BBX 32 64 0 0
BITMAP
0FFFFFF000000000
0FFFFFF000000000
0FFFFFF000000000
0FFFFFF000000000
0FFFFFF000000000
0FFFFFF000000000
0FFFFFF000000000
0FFFFFF000000000
FFFF0FFF00000000
FFFF0FFF00000000
FFFF0FFF00000000
FFFF0FFF00000000
FFFF0FFF00000000
FFFF0FFF00000000
FFFF0FFF00000000
FFFF0FFF00000000
FFF00FFF00000000
FFF00FFF00000000
FFF00FFF00000000
FFF00FFF00000000
FFF00FFF00000000
FFF00FFF00000000
FFF00FFF00000000
FFF00FFF00000000
FFFF0FFF00000000
FFFF0FFF00000000
FFFF0FFF00000000
FFFF0FFF00000000
FFFF0FFF00000000
FFFF0FFF00000000
FFFF0FFF00000000
FFFF0FFF00000000
FFFF0FFF00000000
FFFF0FFF00000000
FFFF0FFF00000000
FFFF0FFF00000000
FFFF0FFF00000000
FFFF0FFF00000000
FFFF0FFF00000000
FFFF0FFF00000000
FFFF0FFF00000000
FFFF0FFF00000000
FFFF0FFF00000000
FFFF0FFF00000000
FFFF0FFF00000000
FFFF0FFF00000000
FFFF0FFF00000000
FFFF0FFF00000000
FFF000FF00000000
FFF000FF00000000
FFF000FF00000000
FFF000FF00000000
FFF000FF00000000
FFF000FF00000000
FFF000FF00000000
FFF000FF00000000
0FFFFFF000000000
0FFFFFF000000000
0FFFFFF000000000
0FFFFFF000000000
0FFFFFF000000000
0FFFFFF000000000
0FFFFFF000000000
0FFFFFF000000000
ENDCHAR
STARTCHAR U+2321
ENCODING 8993
SWIDTH 3200 0
DWIDTH 32 0
BBX 32 64 0 0
BITMAP
0FFFFFF000000000
0FFFFFF000000000
0FFFFFF000000000
0FFFFFF000000000
0FFFFFF000000000
0FFFFFF000000000
0FFFFFF000000000
0FFFFFF000000000
FFF00FFF00000000
FFF00FFF00000000
FFF00FFF00000000
FFF00FFF00000000
FFF00FFF00000000
FFF00FFF00000000
FFF00FFF00000000
FFF00FFF00000000
FF0FF0FF00000000
FF0FF0FF00000000
FF0FF0FF00000000
FF0FF0FF00000000
FF0FF0FF00000000
FF0FF0FF00000000
FF0FF0FF00000000
FF0FF0FF00000000
FFFFF0FF00000000
FFFFF0FF00000000
FFFFF0FF00000000
FFFFF0FF00000000
FFFFF0FF00000000
FFFFF0FF00000000
FFFFF0FF00000000
FFFFF0FF00000000
FFFF0FFF00000000
FFFF0FFF00000000
FFFF0FFF00000000
FFFF0FFF00000000
FFFF0FFF00000000
FFFF0FFF00000000
FFFF0FFF00000000
FFFF0FFF00000000
FFF0FFFF00000000
FFF0FFFF00000000
FFF0FFFF00000000
FFF0FFFF00000000
FFF0FFFF00000000
FFF0FFFF00000000
FFF0FFFF00000000
FFF0FFFF00000000
FF0000FF00000000
FF0000FF00000000
FF0000FF00000000
FF0000FF00000000
FF0000FF00000000
FF0000FF00000000
FF0000FF00000000
FF0000FF00000000
0FFFFFF000000000
0FFFFFF000000000
0FFFFFF000000000
0FFFFFF000000000
0FFFFFF000000000
0FFFFFF000000000
0FFFFFF000000000
0FFFFFF000000000
ENDCHAR
STARTCHAR U+00F7
ENCODING 247
SWIDTH 3200 0
DWIDTH 32 0
BBX 32 64 0 0
BITMAP
0FFFFFF000000000
0FFFFFF000000000
0FFFFFF000000000
0FFFFFF000000000
0FFFFFF000000000
0FFFFFF000000000
0FFFFFF000000000
0FFFFFF000000000
F0000FFF00000000
F0000FFF00000000
F0000FFF00000000
F0000FFF00000000
F0000FFF00000000
F0000FFF00000000
F0000FFF00000000
F0000FFF00000000
FFFFF0FF00000000
FFFFF0FF00000000
FFFFF0FF00000000
FFFFF0FF00000000
FFFFF0FF00000000
FFFFF0FF00000000
FFFFF0FF00000000
FFFFF0FF00000000
FF000FFF00000000
FF000FFF00000000
FF000FFF00000000
FF000FFF00000000
FF000FFF00000000
FF000FFF00000000
FF000FFF00000000
FF000FFF00000000
FFFFF0FF00000000
FFFFF0FF00000000
FFFFF0FF00000000
FFFFF0FF00000000
FFFFF0FF00000000
FFFFF0FF00000000
FFFFF0FF00000000
FFFFF0FF00000000
FFFFF0FF00000000
FFFFF0FF00000000
FFFFF0FF00000000
FFFFF0FF00000000
FFFFF0FF00000000
FFFFF0FF00000000
FFFFF0FF00000000
FFFFF0FF00000000
F0000FFF00000000
F0000FFF00000000
F0000FFF00000000
F0000FFF00000000
F0000FFF00000000
F0000FFF00000000
F0000FFF00000000
F0000FFF00000000
0FFFFFF000000000
0FFFFFF000000000
0FFFFFF000000000
0FFFFFF000000000
0FFFFFF000000000
0FFFFFF000000000
0FFFFFF000000000
0FFFFFF000000000
ENDCHAR
STARTCHAR U+2248
ENCODING 8776
SWIDTH 3200 0
DWIDTH 32 0
BBX 32 64 0 0
BITMAP
0FFFFFF000000000
0FFFFFF000000000
0FFFFFF000000000
0FFFFFF000000000
0FFFFFF000000000
0FFFFFF000000000
0FFFFFF000000000
0FFFFFF000000000
FFFFF0FF00000000
FFFFF0FF00000000
FFFFF0FF00000000
FFFFF0FF00000000
FFFFF0FF00000000
FFFFF0FF00000000
FFFFF0FF00000000
FFFFF0FF00000000
FFFF00FF00000000
FFFF00FF00000000
FFFF00FF00000000
FFFF00FF00000000
FFFF00FF00000000
FFFF00FF00000000
FFFF00FF00000000
FFFF00FF00000000
FFF0F0FF00000000
FFF0F0FF00000000
FFF0F0FF00000000
FFF0F0FF00000000
FFF0F0FF00000000
FFF0F0FF00000000
FFF0F0FF00000000
FFF0F0FF00000000
FF0FF0FF00000000
FF0FF0FF00000000
FF0FF0FF00000000
FF0FF0FF00000000
FF0FF0FF00000000
FF0FF0FF00000000
FF0FF0FF00000000
FF0FF0FF00000000
F000000F00000000
F000000F00000000
F000000F00000000
F000000F00000000
F000000F00000000
F000000F00000000
F000000F00000000
F000000F00000000
FFFFF0FF00000000
FFFFF0FF00000000
FFFFF0FF00000000
FFFFF0FF00000000
FFFFF0FF00000000
FFFFF0FF00000000
FFFFF0FF00000000
FFFFF0FF00000000
0FFFFFF000000000
0FFFFFF000000000
0FFFFFF000000000
0FFFFFF000000000
0FFFFFF000000000
0FFFFFF000000000
0FFFFFF000000000
0FFFFFF000000000
ENDCHAR
STARTCHAR U+00B0
ENCODING 176
SWIDTH 3200 0
DWIDTH 32 0
BBX 32 64 0 0
BITMAP
0FFFFFF000000000
0FFFFFF000000000
0FFFFFF000000000
0FFFFFF000000000
0FFFFFF000000000
0FFFFFF000000000
0FFFFFF000000000
0FFFFFF000000000
F00000FF00000000
F00000FF00000000
F00000FF00000000
F00000FF00000000
F00000FF00000000
F00000FF00000000
F00000FF00000000
F00000FF00000000
F0FFFFFF00000000
F0FFFFFF00000000
F0FFFFFF00000000
F0FFFFFF00000000
F0FFFFFF00000000
F0FFFFFF00000000
F0FFFFFF00000000
F0FFFFFF00000000
F0000FFF00000000
F0000FFF00000000
F0000FFF00000000
F0000FFF00000000
F0000FFF00000000
F0000FFF00000000
F0000FFF00000000
F0000FFF00000000
FFFFF0FF00000000
FFFFF0FF00000000
FFFFF0FF00000000
FFFFF0FF00000000
FFFFF0FF00000000
FFFFF0FF00000000
FFFFF0FF00000000
FFFFF0FF00000000
FFFFF0FF00000000
FFFFF0FF00000000
FFFFF0FF00000000
FFFFF0FF00000000
FFFFF0FF00000000
FFFFF0FF00000000
FFFFF0FF00000000
FFFFF0FF00000000
F0000FFF00000000
F0000FFF00000000
F0000FFF00000000
F0000FFF00000000
F0000FFF00000000
F0000FFF00000000
F0000FFF00000000
F0000FFF00000000
0FFFFFF000000000
0FFFFFF000000000
0FFFFFF000000000
0FFFFFF000000000
0FFFFFF000000000
0FFFFFF000000000
0FFFFFF000000000
0FFFFFF000000000
ENDCHAR
STARTCHAR U+2219
ENCODING 8729
SWIDTH 3200 0
DWIDTH 32 0
BBX 32 64 0 0
BITMAP
0FFFFFF000000000
0FFFFFF000000000
0FFFFFF000000000
0FFFFFF000000000
0FFFFFF000000000
0FFFFFF000000000
0FFFFFF000000000
0FFFFFF000000000
FF000FFF00000000
FF000FFF00000000
FF000FFF00000000
FF000FFF00000000
FF000FFF00000000
FF000FFF00000000
FF000FFF00000000
FF000FFF00000000
F0FFFFFF00000000
F0FFFFFF00000000
F0FFFFFF00000000
F0FFFFFF00000000
F0FFFFFF00000000
F0FFFFFF00000000
F0FFFFFF00000000
F0FFFFFF00000000
F0000FFF00000000
F0000FFF00000000
F0000FFF00000000
F0000FFF00000000
F0000FFF00000000
F0000FFF00000000
F0000FFF00000000
F0000FFF00000000
F0FFF0FF00000000
F0FFF0FF00000000
F0FFF0FF00000000
F0FFF0FF00000000
F0FFF0FF00000000
F0FFF0FF00000000
F0FFF0FF00000000
F0FFF0FF00000000
F0FFF0FF00000000
F0FFF0FF00000000
F0FFF0FF00000000
F0FFF0FF00000000
F0FFF0FF00000000
F0FFF0FF00000000
F0FFF0FF00000000
F0FFF0FF00000000
FF000FFF00000000
FF000FFF00000000
FF000FFF00000000
FF000FFF00000000
FF000FFF00000000
FF000FFF00000000
FF000FFF00000000
FF000FFF00000000
0FFFFFF000000000
0FFFFFF000000000
0FFFFFF000000000
0FFFFFF000000000
0FFFFFF000000000
0FFFFFF000000000
0FFFFFF000000000
0FFFFFF000000000
ENDCHAR
STARTCHAR U+00B7
ENCODING 183
SWIDTH 3200 0
DWIDTH 32 0
BBX 32 64 0 0
BITMAP
0FFFFFF000000000
0FFFFFF000000000
0FFFFFF000000000
0FFFFFF000000000
0FFFFFF000000000
0FFFFFF000000000
0FFFFFF000000000
0FFFFFF000000000
F00000FF00000000
F00000FF00000000
F00000FF00000000
F00000FF00000000
F00000FF00000000
F00000FF00000000
F00000FF00000000
F00000FF00000000
F0FFF0FF00000000
F0FFF0FF00000000
F0FFF0FF00000000
F0FFF0FF00000000
F0FFF0FF00000000
F0FFF0FF00000000
F0FFF0FF00000000
F0FFF0FF00000000
FFFF0FFF00000000
FFFF0FFF00000000
FFFF0FFF00000000
FFFF0FFF00000000
FFFF0FFF00000000
FFFF0FFF00000000
FFFF0FFF00000000
FFFF0FFF00000000
FFFF0FFF00000000
FFFF0FFF00000000
FFFF0FFF00000000
FFFF0FFF00000000
FFFF0FFF00000000
FFFF0FFF00000000
FFFF0FFF00000000
FFFF0FFF00000000
FFF0FFFF00000000
FFF0FFFF00000000
FFF0FFFF00000000
FFF0FFFF00000000
FFF0FFFF00000000
FFF0FFFF00000000
FFF0FFFF00000000
FFF0FFFF00000000
FFF0FFFF00000000
FFF0FFFF00000000
FFF0FFFF00000000
FFF0FFFF00000000
FFF0FFFF00000000
FFF0FFFF00000000
FFF0FFFF00000000
FFF0FFFF00000000
0FFFFFF000000000
0FFFFFF000000000
0FFFFFF000000000
0FFFFFF000000000
0FFFFFF000000000
0FFFFFF000000000
0FFFFFF000000000
0FFFFFF000000000
ENDCHAR
STARTCHAR U+221A
ENCODING 8730
SWIDTH 3200 0
DWIDTH 32 0
BBX 32 64 0 0
BITMAP
0FFFFFF000000000
0FFFFFF000000000
0FFFFFF000000000
0FFFFFF000000000
0FFFFFF000000000
0FFFFFF000000000
0FFFFFF000000000
0FFFFFF000000000
FF0000FF00000000
FF0000FF00000000
FF0000FF00000000
FF0000FF00000000
FF0000FF00000000
FF0000FF00000000
FF0000FF00000000
FF0000FF00000000
F00FF00F00000000
F00FF00F00000000
F00FF00F00000000
F00FF00F00000000
F00FF00F00000000
F00FF00F00000000
F00FF00F00000000
F00FF00F00000000
FF0000FF00000000
FF0000FF00000000
FF0000FF00000000
FF0000FF00000000
FF0000FF00000000
FF0000FF00000000
FF0000FF00000000
FF0000FF00000000
F00FF00F00000000
F00FF00F00000000
F00FF00F00000000
F00FF00F00000000
F00FF00F00000000
F00FF00F00000000
F00FF00F00000000
F00FF00F00000000
F00FF00F00000000
F00FF00F00000000
F00FF00F00000000
F00FF00F00000000
F00FF00F00000000
F00FF00F00000000
F00FF00F00000000
F00FF00F00000000
FF0000FF00000000
FF0000FF00000000
FF0000FF00000000
FF0000FF00000000
FF0000FF00000000
FF0000FF00000000
FF0000FF00000000
FF0000FF00000000
0FFFFFF000000000
0FFFFFF000000000
0FFFFFF000000000
0FFFFFF000000000
0FFFFFF000000000
0FFFFFF000000000
0FFFFFF000000000
0FFFFFF000000000
ENDCHAR
STARTCHAR U+207F
ENCODING 8319
SWIDTH 3200 0
DWIDTH 32 0
BBX 32 64 0 0
BITMAP
0FFFFFF000000000
0FFFFFF000000000
0FFFFFF000000000
0FFFFFF000000000
0FFFFFF000000000
0FFFFFF000000000
0FFFFFF000000000
0FFFFFF000000000
FF000FFF00000000
FF000FFF00000000
FF000FFF00000000
FF000FFF00000000
FF000FFF00000000
FF000FFF00000000
FF000FFF00000000
FF000FFF00000000
F0FFF0FF00000000
F0FFF0FF00000000
F0FFF0FF00000000
F0FFF0FF00000000
F0FFF0FF00000000
F0FFF0FF00000000
F0FFF0FF00000000
F0FFF0FF00000000
F0FFF0FF00000000
F0FFF0FF00000000
F0FFF0FF00000000
F0FFF0FF00000000
F0FFF0FF00000000
F0FFF0FF00000000
F0FFF0FF00000000
F0FFF0FF00000000
FF0000FF00000000
FF0000FF00000000
FF0000FF00000000
FF0000FF00000000
FF0000FF00000000
FF0000FF00000000
FF0000FF00000000
FF0000FF00000000
FFFFF0FF00000000
FFFFF0FF00000000
FFFFF0FF00000000
FFFFF0FF00000000
FFFFF0FF00000000
FFFFF0FF00000000
FFFFF0FF00000000
FFFFF0FF00000000
FF000FFF00000000
FF000FFF00000000
FF000FFF00000000
FF000FFF00000000
FF000FFF00000000
FF000FFF00000000
FF000FFF00000000
FF000FFF00000000
0FFFFFF000000000
0FFFFFF000000000
0FFFFFF000000000
0FFFFFF000000000
0FFFFFF000000000
0FFFFFF000000000
0FFFFFF000000000
0FFFFFF000000000
ENDCHAR
STARTCHAR U+00B2
ENCODING 178
SWIDTH 3200 0
DWIDTH 32 0
BBX 32 64 0 0
BITMAP
0FFFFFF000000000
0FFFFFF000000000
0FFFFFF000000000
0FFFFFF000000000
0FFFFFF000000000
0FFFFFF000000000
0FFFFFF000000000
0FFFFFF000000000
FF0000FF00000000
FF0000FF00000000
FF0000FF00000000
FF0000FF00000000
FF0000FF00000000
FF0000FF00000000
FF0000FF00000000
FF0000FF00000000
F0FFF00F00000000
F0FFF00F00000000
F0FFF00F00000000
F0FFF00F00000000
F0FFF00F00000000
F0FFF00F00000000
F0FFF00F00000000
F0FFF00F00000000
F0FF0F0F00000000
F0FF0F0F00000000
F0FF0F0F00000000
F0FF0F0F00000000
F0FF0F0F00000000
F0FF0F0F00000000
F0FF0F0F00000000
F0FF0F0F00000000
F0F0FF0F00000000
F0F0FF0F00000000
F0F0FF0F00000000
F0F0FF0F00000000
F0F0FF0F00000000
F0F0FF0F00000000
F0F0FF0F00000000
F0F0FF0F00000000
F00FFF0F00000000
F00FFF0F00000000
F00FFF0F00000000
F00FFF0F00000000
F00FFF0F00000000
F00FFF0F00000000
F00FFF0F00000000
F00FFF0F00000000
FF0000FF00000000
FF0000FF00000000
FF0000FF00000000
FF0000FF00000000
FF0000FF00000000
FF0000FF00000000
FF0000FF00000000
FF0000FF00000000
0FFFFFF000000000
0FFFFFF000000000
0FFFFFF000000000
0FFFFFF000000000
0FFFFFF000000000
0FFFFFF000000000
0FFFFFF000000000
0FFFFFF000000000
ENDCHAR
STARTCHAR U+25A0
ENCODING 9632
SWIDTH 3200 0
DWIDTH 32 0
BBX 32 64 0 0
BITMAP
F0F0F0F000000000
F0F0F0F000000000
F0F0F0F000000000
F0F0F0F000000000
F0F0F0F000000000
F0F0F0F000000000
F0F0F0F000000000
F0F0F0F000000000
F0F0F0F000000000
F0F0F0F000000000
F0F0F0F000000000
F0F0F0F000000000
F0F0F0F000000000
F0F0F0F000000000
F0F0F0F000000000
F0F0F0F000000000
F0F0F0F000000000
F0F0F0F000000000
F0F0F0F000000000
F0F0F0F000000000
F0F0F0F000000000
F0F0F0F000000000
F0F0F0F000000000
F0F0F0F000000000
F0F0F0F000000000
F0F0F0F000000000
F0F0F0F000000000
F0F0F0F000000000
F0F0F0F000000000
F0F0F0F000000000
F0F0F0F000000000
F0F0F0F000000000
F0F0F0F000000000
F0F0F0F000000000
F0F0F0F000000000
F0F0F0F000000000
F0F0F0F000000000
F0F0F0F000000000
F0F0F0F000000000
F0F0F0F000000000
F0F0F0F000000000
F0F0F0F000000000
F0F0F0F000000000
F0F0F0F000000000
F0F0F0F000000000
F0F0F0F000000000
F0F0F0F000000000
F0F0F0F000000000
F0F0F0F000000000
F0F0F0F000000000
F0F0F0F000000000
F0F0F0F000000000
F0F0F0F000000000
F0F0F0F000000000
F0F0F0F000000000
F0F0F0F000000000
F0F0F0F000000000
F0F0F0F000000000
F0F0F0F000000000
F0F0F0F000000000
F0F0F0F000000000
F0F0F0F000000000
F0F0F0F000000000
F0F0F0F000000000
ENDCHAR
STARTCHAR U+00FF
ENCODING 255
SWIDTH 3200 0
DWIDTH 32 0
BBX 32 64 0 0
BITMAP
FFFFFFFF00000000
FFFFFFFF00000000
FFFFFFFF00000000
FFFFFFFF00000000
FFFFFFFF00000000
FFFFFFFF00000000
FFFFFFFF00000000
FFFFFFFF00000000
0000000000000000
0000000000000000
0000000000000000
0000000000000000
0000000000000000
0000000000000000
0000000000000000
0000000000000000
FFFFFFFF00000000
FFFFFFFF00000000
FFFFFFFF00000000
FFFFFFFF00000000
FFFFFFFF00000000
FFFFFFFF00000000
FFFFFFFF00000000
FFFFFFFF00000000
0000000000000000
0000000000000000
0000000000000000
0000000000000000
0000000000000000
0000000000000000
0000000000000000
0000000000000000
FFFFFFFF00000000
FFFFFFFF00000000
FFFFFFFF00000000
FFFFFFFF00000000
FFFFFFFF00000000
FFFFFFFF00000000
FFFFFFFF00000000
FFFFFFFF00000000
0000000000000000
0000000000000000
0000000000000000
0000000000000000
0000000000000000
0000000000000000
0000000000000000
0000000000000000
FFFFFFFF00000000
FFFFFFFF00000000
FFFFFFFF00000000
FFFFFFFF00000000
FFFFFFFF00000000
FFFFFFFF00000000
FFFFFFFF00000000
FFFFFFFF00000000
0000000000000000
0000000000000000
0000000000000000
0000000000000000
0000000000000000
0000000000000000
0000000000000000
0000000000000000
ENDCHAR
ENDFONT
